<?xml version="1.0" encoding="UTF-8" ?>
<document>
<!--The data in this file is primarily intended for consumption by Xilinx tools.
The structure and the elements are likely to change over the next few releases.
This means code written to parse this file will need to be revisited each subsequent release.-->
<application name="pa" timeStamp="Tue Nov 21 16:08:21 2023">
<section name="Project Information" visible="false">
<property name="ProjectID" value="8c904a05b60b4ae29fb99bc4625081a6" type="ProjectID"/>
<property name="ProjectIteration" value="14" type="ProjectIteration"/>
</section>
<section name="PlanAhead Usage" visible="true">
<item name="Project Data">
<property name="SrcSetCount" value="1" type="SrcSetCount"/>
<property name="ConstraintSetCount" value="1" type="ConstraintSetCount"/>
<property name="DesignMode" value="RTL" type="DesignMode"/>
<property name="SynthesisStrategy" value="Vivado Synthesis Defaults" type="SynthesisStrategy"/>
<property name="ImplStrategy" value="Vivado Implementation Defaults" type="ImplStrategy"/>
</item>
<item name="Java Command Handlers">
<property name="AddSources" value="25" type="JavaHandler"/>
<property name="AutoConnectTarget" value="4" type="JavaHandler"/>
<property name="CloseProject" value="3" type="JavaHandler"/>
<property name="EditDelete" value="14" type="JavaHandler"/>
<property name="EditUndo" value="1" type="JavaHandler"/>
<property name="LaunchProgramFpga" value="10" type="JavaHandler"/>
<property name="LeaveFeedback" value="1" type="JavaHandler"/>
<property name="NewProject" value="2" type="JavaHandler"/>
<property name="OpenHardwareManager" value="13" type="JavaHandler"/>
<property name="OpenProject" value="7" type="JavaHandler"/>
<property name="OpenRecentTarget" value="4" type="JavaHandler"/>
<property name="ProgramDevice" value="7" type="JavaHandler"/>
<property name="ProjectSettingsCmdHandler" value="11" type="JavaHandler"/>
<property name="RecustomizeCore" value="2" type="JavaHandler"/>
<property name="RunBitgen" value="12" type="JavaHandler"/>
<property name="RunImplementation" value="2" type="JavaHandler"/>
<property name="RunSchematic" value="20" type="JavaHandler"/>
<property name="RunSynthesis" value="3" type="JavaHandler"/>
<property name="SaveProjectAs" value="1" type="JavaHandler"/>
<property name="SetTopNode" value="14" type="JavaHandler"/>
<property name="ShowView" value="4" type="JavaHandler"/>
<property name="SimulationClose" value="1" type="JavaHandler"/>
<property name="SimulationRelaunch" value="82" type="JavaHandler"/>
<property name="SimulationRestart" value="36" type="JavaHandler"/>
<property name="SimulationRun" value="23" type="JavaHandler"/>
<property name="SimulationRunAll" value="37" type="JavaHandler"/>
<property name="TclFind" value="1" type="JavaHandler"/>
<property name="ToolsOptions" value="1" type="JavaHandler"/>
<property name="ViewTaskProjectManager" value="5" type="JavaHandler"/>
<property name="ViewTaskRTLAnalysis" value="1" type="JavaHandler"/>
<property name="WaveformSaveConfiguration" value="2" type="JavaHandler"/>
<property name="ZoomFit" value="2" type="JavaHandler"/>
</item>
<item name="Gui Resources Info">
<property name="APPLY, Apply" value="2" type="GuiResourceData"/>
<property name="FINISH, Finish" value="2" type="GuiResourceData"/>
<property name="NEXT, Next " value="2" type="GuiResourceData"/>
<property name="OK, OK" value="3" type="GuiResourceData"/>
<property name="PAResourceAtoD.AddSrcWizard_SPECIFY_SIMULATION_SPECIFIC_HDL_FILES, Add or create simulation sources" value="1" type="GuiResourceData"/>
<property name="PAResourceAtoD.CmdMsgDialog_OK, OK" value="1" type="GuiResourceData"/>
<property name="PAResourceAtoD.CreateSrcFileDialog_FILE_NAME, TB_avbrottshanteraren" value="1" type="GuiResourceData"/>
<property name="PAResourceAtoD.CreateSrcFileDialog_FILE_NAME, avbrottshanteraren" value="1" type="GuiResourceData"/>
<property name="PAResourceAtoD.DefineModulesDialog_DEFINE_MODULES_AND_SPECIFY_IO_PORTS,  ; in ; false ; 0 ; 0, 0, (String" value="1" type="GuiResourceData"/>
<property name="PAResourceAtoD.DefineModulesDialog_DEFINE_MODULES_AND_SPECIFY_IO_PORTS,  ; in ; false ; 0 ; 0, 1, (String" value="1" type="GuiResourceData"/>
<property name="PAResourceAtoD.DefineModulesDialog_DEFINE_MODULES_AND_SPECIFY_IO_PORTS,  ; in ; false ; 0 ; 0, 2, (String" value="1" type="GuiResourceData"/>
<property name="PAResourceAtoD.DefineModulesDialog_DEFINE_MODULES_AND_SPECIFY_IO_PORTS,  ; in ; false ; 0 ; 0, 6, (String" value="1" type="GuiResourceData"/>
<property name="PAResourceAtoD.DefineModulesDialog_DEFINE_MODULES_AND_SPECIFY_IO_PORTS,  ; in ; false ; 0 ; 0, 7, (String" value="1" type="GuiResourceData"/>
<property name="PAResourceAtoD.DefineModulesDialog_DEFINE_MODULES_AND_SPECIFY_IO_PORTS,  ; in ; false ; 0 ; 0, 8, (String" value="1" type="GuiResourceData"/>
<property name="PAResourceAtoD.DefineModulesDialog_DEFINE_MODULES_AND_SPECIFY_IO_PORTS, clk, 4, Port Name, 0" value="1" type="GuiResourceData"/>
<property name="PAResourceAtoD.DefineModulesDialog_DEFINE_MODULES_AND_SPECIFY_IO_PORTS, in, 0, Direction, 1" value="3" type="GuiResourceData"/>
<property name="PAResourceAtoD.DefineModulesDialog_DEFINE_MODULES_AND_SPECIFY_IO_PORTS, in, 1, Direction, 1" value="1" type="GuiResourceData"/>
<property name="PAResourceAtoD.DefineModulesDialog_DEFINE_MODULES_AND_SPECIFY_IO_PORTS, in, 6, Direction, 1" value="3" type="GuiResourceData"/>
<property name="PAResourceAtoD.DefineModulesDialog_DEFINE_MODULES_AND_SPECIFY_IO_PORTS, in, 8, Direction, 1" value="1" type="GuiResourceData"/>
<property name="PAResourceAtoD.DefineModulesDialog_DEFINE_MODULES_AND_SPECIFY_IO_PORTS, int0, 8, Port Name, 0" value="1" type="GuiResourceData"/>
<property name="PAResourceAtoD.DefineModulesDialog_DEFINE_MODULES_AND_SPECIFY_IO_PORTS, int_addr ; in ; false ; 0 ; 0, 0, in, 1" value="1" type="GuiResourceData"/>
<property name="PAResourceAtoD.DefineModulesDialog_DEFINE_MODULES_AND_SPECIFY_IO_PORTS, int_addr, 0, Port Name, 0" value="1" type="GuiResourceData"/>
<property name="PAResourceAtoD.DefineModulesDialog_DEFINE_MODULES_AND_SPECIFY_IO_PORTS, int_done, 3, Port Name, 0" value="1" type="GuiResourceData"/>
<property name="PAResourceAtoD.DefineModulesDialog_DEFINE_MODULES_AND_SPECIFY_IO_PORTS, int_mux ; in ; false ; 0 ; 0, 1, in, 1" value="1" type="GuiResourceData"/>
<property name="PAResourceAtoD.DefineModulesDialog_DEFINE_MODULES_AND_SPECIFY_IO_PORTS, int_mux, 1, Port Name, 0" value="1" type="GuiResourceData"/>
<property name="PAResourceAtoD.DefineModulesDialog_DEFINE_MODULES_AND_SPECIFY_IO_PORTS, out, 0, Direction, 1" value="1" type="GuiResourceData"/>
<property name="PAResourceAtoD.DefineModulesDialog_DEFINE_MODULES_AND_SPECIFY_IO_PORTS, out, 1, Direction, 1" value="1" type="GuiResourceData"/>
<property name="PAResourceAtoD.DefineModulesDialog_DEFINE_MODULES_AND_SPECIFY_IO_PORTS, out, 6, Direction, 1" value="1" type="GuiResourceData"/>
<property name="PAResourceAtoD.DefineModulesDialog_DEFINE_MODULES_AND_SPECIFY_IO_PORTS, out, 7, Direction, 1" value="1" type="GuiResourceData"/>
<property name="PAResourceAtoD.DefineModulesDialog_DEFINE_MODULES_AND_SPECIFY_IO_PORTS, restore_wreg ; in ; false ; 0 ; 0, 7, in, 1" value="1" type="GuiResourceData"/>
<property name="PAResourceAtoD.DefineModulesDialog_DEFINE_MODULES_AND_SPECIFY_IO_PORTS, restore_wreg ; out ; false ; 0 ; 0, 7, restore_wreg, 0" value="1" type="GuiResourceData"/>
<property name="PAResourceAtoD.DefineModulesDialog_DEFINE_MODULES_AND_SPECIFY_IO_PORTS, restore_wreg, 7, Port Name, 0" value="6" type="GuiResourceData"/>
<property name="PAResourceAtoD.DefineModulesDialog_DEFINE_MODULES_AND_SPECIFY_IO_PORTS, ret_addr, 2, Port Name, 0" value="1" type="GuiResourceData"/>
<property name="PAResourceAtoD.DefineModulesDialog_DEFINE_MODULES_AND_SPECIFY_IO_PORTS, rst, 5, Port Name, 0" value="1" type="GuiResourceData"/>
<property name="PAResourceAtoD.DefineModulesDialog_DEFINE_MODULES_AND_SPECIFY_IO_PORTS, save_wreg ; in ; false ; 0 ; 0, 6, in, 1" value="1" type="GuiResourceData"/>
<property name="PAResourceAtoD.DefineModulesDialog_DEFINE_MODULES_AND_SPECIFY_IO_PORTS, save_wreg ; out ; false ; 0 ; 0, 6, save_wreg, 0" value="1" type="GuiResourceData"/>
<property name="PAResourceAtoD.DefineModulesDialog_DEFINE_MODULES_AND_SPECIFY_IO_PORTS, save_wreg, 2, Port Name, 0" value="1" type="GuiResourceData"/>
<property name="PAResourceAtoD.DefineModulesDialog_DEFINE_MODULES_AND_SPECIFY_IO_PORTS, save_wreg, 6, Port Name, 0" value="2" type="GuiResourceData"/>
<property name="PAResourceCommand.PACommandNames_AUTO_UPDATE_HIER, Hierarchy Update" value="4" type="GuiResourceData"/>
<property name="PAResourceCommand.PACommandNames_SIMULATION_RUN_BEHAVIORAL, Run Behavioral Simulation" value="5" type="GuiResourceData"/>
<property name="PAResourceEtoH.FileSetPanel_FILE_SET_PANEL_TREE, [root, Design Sources, LAB_CPU_top - Structural (LAB_CPU_top.vhd" value="2" type="GuiResourceData"/>
<property name="PAResourceEtoH.FileSetPanel_FILE_SET_PANEL_TREE, [root, Design Sources, avbrottshanterare - Behavioral (avbrottshanterare.vhd" value="2" type="GuiResourceData"/>
<property name="PAResourceEtoH.FileSetPanel_FILE_SET_PANEL_TREE, [root, Design Sources, avbrottshanteraren - Behavioral (avbrottshanteraren.vhd" value="5" type="GuiResourceData"/>
<property name="PAResourceEtoH.FileSetPanel_FILE_SET_PANEL_TREE, [root, Simulation Sources, sim_1, LAB_CPU_top - Structural (LAB_CPU_top.vhd" value="2" type="GuiResourceData"/>
<property name="PAResourceEtoH.FileSetPanel_FILE_SET_PANEL_TREE, [root, Simulation Sources, sim_1, Syntax Error Files, TB_avbrottshanteraren.vhd], 24, false" value="14" type="GuiResourceData"/>
<property name="PAResourceEtoH.FileSetPanel_FILE_SET_PANEL_TREE, [root, Simulation Sources, sim_1, Syntax Error Files, TB_avbrottshanteraren.vhd], 24, false, false, false, false, false, true" value="6" type="GuiResourceData"/>
<property name="PAResourceEtoH.FileSetPanel_FILE_SET_PANEL_TREE, [root, Simulation Sources, sim_1, Syntax Error Files], 23" value="5" type="GuiResourceData"/>
<property name="PAResourceEtoH.FileSetPanel_FILE_SET_PANEL_TREE, [root, Simulation Sources, sim_1, Syntax Error Files], 23, true" value="7" type="GuiResourceData"/>
<property name="PAResourceEtoH.FileSetPanel_FILE_SET_PANEL_TREE, [root, Simulation Sources, sim_1, Syntax Error Files], 23, true, false, false, false, false, true" value="8" type="GuiResourceData"/>
<property name="PAResourceEtoH.FileSetPanel_FILE_SET_PANEL_TREE, [root, Simulation Sources, sim_1, TB_avbrottshanteraren - Behavioral (TB_avbrottshanteraren.vhd" value="7" type="GuiResourceData"/>
<property name="PAResourceEtoH.FileSetPanel_FILE_SET_PANEL_TREE, [root, Simulation Sources, sim_1, TB_work_reg - Behavioral (TB_work_reg.vhd" value="10" type="GuiResourceData"/>
<property name="PAResourceEtoH.FileSetPanel_FILE_SET_PANEL_TREE, [root, Simulation Sources, sim_1, avbrottshanteraren - Behavioral (avbrottshanteraren.vhd" value="2" type="GuiResourceData"/>
<property name="PAResourceEtoH.FileSetPanel_FILE_SET_PANEL_TREE, [root, Simulation Sources, sim_1], 22" value="1" type="GuiResourceData"/>
<property name="PAResourceEtoH.FileSetPanel_FILE_SET_PANEL_TREE, [root, Simulation Sources], 21" value="1" type="GuiResourceData"/>
<property name="PAResourceEtoH.FlowNavigatorTreePanel_FLOW_NAVIGATOR_TREE, [, Project Manager, Add Sources], 2, false" value="2" type="GuiResourceData"/>
<property name="PAResourceEtoH.FlowNavigatorTreePanel_FLOW_NAVIGATOR_TREE, [, Project Manager, Project Settings], 1, false" value="1" type="GuiResourceData"/>
<property name="PAResourceEtoH.FlowNavigatorTreePanel_FLOW_NAVIGATOR_TREE, [, RTL Analysis, Elaboration Settings], 13, false" value="1" type="GuiResourceData"/>
<property name="PAResourceEtoH.FlowNavigatorTreePanel_FLOW_NAVIGATOR_TREE, [, RTL Analysis, Open Elaborated Design], 14, true" value="1" type="GuiResourceData"/>
<property name="PAResourceEtoH.FlowNavigatorTreePanel_FLOW_NAVIGATOR_TREE, [, Simulation, Run Simulation], 11, false" value="9" type="GuiResourceData"/>
<property name="PAResourceEtoH.FlowNavigatorTreePanel_FLOW_NAVIGATOR_TREE, [, Simulation, Run Simulation], 11, false, false, false, false, true, false" value="2" type="GuiResourceData"/>
<property name="PAResourceEtoH.FlowNavigatorTreePanel_FLOW_NAVIGATOR_TREE, [, Simulation, Simulation Settings], 10, false" value="4" type="GuiResourceData"/>
<property name="PAResourceEtoH.FlowNavigatorTreePanel_FLOW_NAVIGATOR_TREE, [, Simulation, Simulation Settings], 10, false, false, false, false, true, false" value="1" type="GuiResourceData"/>
<property name="PAResourceItoN.MsgTreePanel_MESSAGE_VIEW_TREE, [, Analysis Results, sim_1, [HDL 9-806] Syntax error near out. [H:/Program/CPU/CPU.srcs/sim_1/new/TB_avbrottshanteraren.vhd:42]. ], 2, false" value="2" type="GuiResourceData"/>
<property name="PAResourceItoN.MsgTreePanel_MESSAGE_VIEW_TREE, [, rtl_1, launch_simulation. , [USF-XSim 62] 'compile' step failed with error(s" value="3" type="GuiResourceData"/>
<property name="PAResourceItoN.MsgView_INFORMATION_MESSAGES, (String" value="1" type="GuiResourceData"/>
<property name="PAResourceItoN.MsgView_WARNING_MESSAGES, (String" value="1" type="GuiResourceData"/>
<property name="PAResourceOtoP.PAViews_CODE, Code" value="1" type="GuiResourceData"/>
<property name="PAResourceOtoP.ProjectSettingsSimulationPanel_SELECT_TESTBENCH_TOP_MODULE, (String" value="4" type="GuiResourceData"/>
<property name="PAResourceQtoS.SelectTopModuleDialog_SELECT_TOP_MODULE, TB_CPU, 1" value="1" type="GuiResourceData"/>
<property name="PAResourceQtoS.SelectTopModuleDialog_SELECT_TOP_MODULE, TB_avbrottshanteraren, 4" value="1" type="GuiResourceData"/>
<property name="PAResourceQtoS.SelectTopModuleDialog_SELECT_TOP_MODULE, avbrottshanteraren, 3" value="4" type="GuiResourceData"/>
<property name="PAResourceQtoS.SelectTopModuleDialog_SELECT_TOP_MODULE, avbrottshanteraren, 3, false, false, false, false, true" value="1" type="GuiResourceData"/>
<property name="PAResourceQtoS.SrcChooserPanel_ADD_HDL_AND_NETLIST_FILES_TO_YOUR_PROJECT, Add Files" value="1" type="GuiResourceData"/>
<property name="PAResourceQtoS.SrcChooserPanel_CREATE_FILE, Create File" value="2" type="GuiResourceData"/>
<property name="PAResourceQtoS.SrcMenu_IP_HIERARCHY, IP Hierarchy" value="3" type="GuiResourceData"/>
<property name="RDIResource.AbstractCombinedPanel_ADD_ELEMENT, Add Definition" value="3" type="GuiResourceData"/>
<property name="RDIResource.AbstractCombinedPanel_MOVE_SELECTED_ELEMENT_UP, Move Up" value="6" type="GuiResourceData"/>
<property name="RDIResource.BaseDialog_CANCEL, Cancel" value="1" type="GuiResourceData"/>
<property name="RDIResource.BaseDialog_OK, OK" value="9" type="GuiResourceData"/>
<property name="RDIResource.RDIViews_WAVEFORM_VIEWER, 105, 155" value="1" type="GuiResourceData"/>
<property name="RDIResource.RDIViews_WAVEFORM_VIEWER, 114, -16" value="1" type="GuiResourceData"/>
<property name="RDIResource.RDIViews_WAVEFORM_VIEWER, 130, 155" value="1" type="GuiResourceData"/>
<property name="RDIResource.RDIViews_WAVEFORM_VIEWER, 137, -8" value="1" type="GuiResourceData"/>
<property name="RDIResource.RDIViews_WAVEFORM_VIEWER, 146, 245, false, false, false, true, false" value="1" type="GuiResourceData"/>
<property name="RDIResource.RDIViews_WAVEFORM_VIEWER, 153, 9" value="1" type="GuiResourceData"/>
<property name="RDIResource.RDIViews_WAVEFORM_VIEWER, 16, 10, false, false, false, true, false" value="1" type="GuiResourceData"/>
<property name="RDIResource.RDIViews_WAVEFORM_VIEWER, 165, 53" value="1" type="GuiResourceData"/>
<property name="RDIResource.RDIViews_WAVEFORM_VIEWER, 167, 117, false, false, false, true, false" value="1" type="GuiResourceData"/>
<property name="RDIResource.RDIViews_WAVEFORM_VIEWER, 171, 392" value="1" type="GuiResourceData"/>
<property name="RDIResource.RDIViews_WAVEFORM_VIEWER, 175, 150" value="1" type="GuiResourceData"/>
<property name="RDIResource.RDIViews_WAVEFORM_VIEWER, 180, 321" value="1" type="GuiResourceData"/>
<property name="RDIResource.RDIViews_WAVEFORM_VIEWER, 187, 122, false, false, false, true, false" value="1" type="GuiResourceData"/>
<property name="RDIResource.RDIViews_WAVEFORM_VIEWER, 195, 357" value="1" type="GuiResourceData"/>
<property name="RDIResource.RDIViews_WAVEFORM_VIEWER, 198, 321" value="1" type="GuiResourceData"/>
<property name="RDIResource.RDIViews_WAVEFORM_VIEWER, 198, 382" value="1" type="GuiResourceData"/>
<property name="RDIResource.RDIViews_WAVEFORM_VIEWER, 203, 326" value="1" type="GuiResourceData"/>
<property name="RDIResource.RDIViews_WAVEFORM_VIEWER, 203, 388" value="1" type="GuiResourceData"/>
<property name="RDIResource.RDIViews_WAVEFORM_VIEWER, 207, 130, false, false, false, true, false" value="1" type="GuiResourceData"/>
<property name="RDIResource.RDIViews_WAVEFORM_VIEWER, 212, 327" value="1" type="GuiResourceData"/>
<property name="RDIResource.RDIViews_WAVEFORM_VIEWER, 215, 53, false, false, false, true, false" value="1" type="GuiResourceData"/>
<property name="RDIResource.RDIViews_WAVEFORM_VIEWER, 220, -33" value="1" type="GuiResourceData"/>
<property name="RDIResource.RDIViews_WAVEFORM_VIEWER, 222, -19" value="1" type="GuiResourceData"/>
<property name="RDIResource.RDIViews_WAVEFORM_VIEWER, 233, 205" value="1" type="GuiResourceData"/>
<property name="RDIResource.RDIViews_WAVEFORM_VIEWER, 234, -25" value="1" type="GuiResourceData"/>
<property name="RDIResource.RDIViews_WAVEFORM_VIEWER, 234, 327" value="1" type="GuiResourceData"/>
<property name="RDIResource.RDIViews_WAVEFORM_VIEWER, 237, 38" value="1" type="GuiResourceData"/>
<property name="RDIResource.RDIViews_WAVEFORM_VIEWER, 240, -24" value="1" type="GuiResourceData"/>
<property name="RDIResource.RDIViews_WAVEFORM_VIEWER, 245, 333" value="1" type="GuiResourceData"/>
<property name="RDIResource.RDIViews_WAVEFORM_VIEWER, 246, 53, false, false, false, true, false" value="1" type="GuiResourceData"/>
<property name="RDIResource.RDIViews_WAVEFORM_VIEWER, 248, 31" value="1" type="GuiResourceData"/>
<property name="RDIResource.RDIViews_WAVEFORM_VIEWER, 249, 333" value="1" type="GuiResourceData"/>
<property name="RDIResource.RDIViews_WAVEFORM_VIEWER, 252, 340" value="1" type="GuiResourceData"/>
<property name="RDIResource.RDIViews_WAVEFORM_VIEWER, 257, 330" value="1" type="GuiResourceData"/>
<property name="RDIResource.RDIViews_WAVEFORM_VIEWER, 261, 330" value="1" type="GuiResourceData"/>
<property name="RDIResource.RDIViews_WAVEFORM_VIEWER, 262, 295" value="1" type="GuiResourceData"/>
<property name="RDIResource.RDIViews_WAVEFORM_VIEWER, 265, -28" value="1" type="GuiResourceData"/>
<property name="RDIResource.RDIViews_WAVEFORM_VIEWER, 267, -25" value="1" type="GuiResourceData"/>
<property name="RDIResource.RDIViews_WAVEFORM_VIEWER, 267, -27" value="1" type="GuiResourceData"/>
<property name="RDIResource.RDIViews_WAVEFORM_VIEWER, 267, 329" value="1" type="GuiResourceData"/>
<property name="RDIResource.RDIViews_WAVEFORM_VIEWER, 273, 323" value="1" type="GuiResourceData"/>
<property name="RDIResource.RDIViews_WAVEFORM_VIEWER, 273, 333" value="1" type="GuiResourceData"/>
<property name="RDIResource.RDIViews_WAVEFORM_VIEWER, 277, -24" value="1" type="GuiResourceData"/>
<property name="RDIResource.RDIViews_WAVEFORM_VIEWER, 279, 330" value="1" type="GuiResourceData"/>
<property name="RDIResource.RDIViews_WAVEFORM_VIEWER, 282, -25" value="1" type="GuiResourceData"/>
<property name="RDIResource.RDIViews_WAVEFORM_VIEWER, 287, -22" value="1" type="GuiResourceData"/>
<property name="RDIResource.RDIViews_WAVEFORM_VIEWER, 289, 292" value="1" type="GuiResourceData"/>
<property name="RDIResource.RDIViews_WAVEFORM_VIEWER, 289, 295, false, false, false, false, true" value="1" type="GuiResourceData"/>
<property name="RDIResource.RDIViews_WAVEFORM_VIEWER, 290, 330" value="1" type="GuiResourceData"/>
<property name="RDIResource.RDIViews_WAVEFORM_VIEWER, 292, 295" value="1" type="GuiResourceData"/>
<property name="RDIResource.RDIViews_WAVEFORM_VIEWER, 296, 4" value="1" type="GuiResourceData"/>
<property name="RDIResource.RDIViews_WAVEFORM_VIEWER, 299, -22" value="1" type="GuiResourceData"/>
<property name="RDIResource.RDIViews_WAVEFORM_VIEWER, 299, 40" value="1" type="GuiResourceData"/>
<property name="RDIResource.RDIViews_WAVEFORM_VIEWER, 302, -22" value="1" type="GuiResourceData"/>
<property name="RDIResource.RDIViews_WAVEFORM_VIEWER, 307, -27" value="1" type="GuiResourceData"/>
<property name="RDIResource.RDIViews_WAVEFORM_VIEWER, 31, 76, false, false, false, true, false" value="1" type="GuiResourceData"/>
<property name="RDIResource.RDIViews_WAVEFORM_VIEWER, 314, 296" value="1" type="GuiResourceData"/>
<property name="RDIResource.RDIViews_WAVEFORM_VIEWER, 316, 307" value="1" type="GuiResourceData"/>
<property name="RDIResource.RDIViews_WAVEFORM_VIEWER, 326, 212" value="1" type="GuiResourceData"/>
<property name="RDIResource.RDIViews_WAVEFORM_VIEWER, 326, 296" value="1" type="GuiResourceData"/>
<property name="RDIResource.RDIViews_WAVEFORM_VIEWER, 327, 157, false, false, false, true, false" value="1" type="GuiResourceData"/>
<property name="RDIResource.RDIViews_WAVEFORM_VIEWER, 333, 206" value="1" type="GuiResourceData"/>
<property name="RDIResource.RDIViews_WAVEFORM_VIEWER, 335, 10" value="1" type="GuiResourceData"/>
<property name="RDIResource.RDIViews_WAVEFORM_VIEWER, 34, 62, false, false, false, true, false" value="1" type="GuiResourceData"/>
<property name="RDIResource.RDIViews_WAVEFORM_VIEWER, 341, 302" value="1" type="GuiResourceData"/>
<property name="RDIResource.RDIViews_WAVEFORM_VIEWER, 342, 309" value="1" type="GuiResourceData"/>
<property name="RDIResource.RDIViews_WAVEFORM_VIEWER, 344, 298" value="1" type="GuiResourceData"/>
<property name="RDIResource.RDIViews_WAVEFORM_VIEWER, 345, 298" value="1" type="GuiResourceData"/>
<property name="RDIResource.RDIViews_WAVEFORM_VIEWER, 346, -21" value="1" type="GuiResourceData"/>
<property name="RDIResource.RDIViews_WAVEFORM_VIEWER, 348, 298" value="1" type="GuiResourceData"/>
<property name="RDIResource.RDIViews_WAVEFORM_VIEWER, 350, 165, false, false, false, true, false" value="1" type="GuiResourceData"/>
<property name="RDIResource.RDIViews_WAVEFORM_VIEWER, 351, 209" value="1" type="GuiResourceData"/>
<property name="RDIResource.RDIViews_WAVEFORM_VIEWER, 355, 298" value="1" type="GuiResourceData"/>
<property name="RDIResource.RDIViews_WAVEFORM_VIEWER, 357, -25" value="1" type="GuiResourceData"/>
<property name="RDIResource.RDIViews_WAVEFORM_VIEWER, 357, 302" value="1" type="GuiResourceData"/>
<property name="RDIResource.RDIViews_WAVEFORM_VIEWER, 358, 214" value="1" type="GuiResourceData"/>
<property name="RDIResource.RDIViews_WAVEFORM_VIEWER, 359, -25" value="1" type="GuiResourceData"/>
<property name="RDIResource.RDIViews_WAVEFORM_VIEWER, 361, -25" value="1" type="GuiResourceData"/>
<property name="RDIResource.RDIViews_WAVEFORM_VIEWER, 361, 208" value="1" type="GuiResourceData"/>
<property name="RDIResource.RDIViews_WAVEFORM_VIEWER, 364, -25" value="1" type="GuiResourceData"/>
<property name="RDIResource.RDIViews_WAVEFORM_VIEWER, 364, 304" value="1" type="GuiResourceData"/>
<property name="RDIResource.RDIViews_WAVEFORM_VIEWER, 365, 171, false, false, false, true, false" value="1" type="GuiResourceData"/>
<property name="RDIResource.RDIViews_WAVEFORM_VIEWER, 366, 302" value="1" type="GuiResourceData"/>
<property name="RDIResource.RDIViews_WAVEFORM_VIEWER, 380, 239" value="1" type="GuiResourceData"/>
<property name="RDIResource.RDIViews_WAVEFORM_VIEWER, 386, 299" value="1" type="GuiResourceData"/>
<property name="RDIResource.RDIViews_WAVEFORM_VIEWER, 393, -22" value="1" type="GuiResourceData"/>
<property name="RDIResource.RDIViews_WAVEFORM_VIEWER, 394, -27" value="1" type="GuiResourceData"/>
<property name="RDIResource.RDIViews_WAVEFORM_VIEWER, 395, 7" value="1" type="GuiResourceData"/>
<property name="RDIResource.RDIViews_WAVEFORM_VIEWER, 398, -25" value="1" type="GuiResourceData"/>
<property name="RDIResource.RDIViews_WAVEFORM_VIEWER, 398, -27" value="1" type="GuiResourceData"/>
<property name="RDIResource.RDIViews_WAVEFORM_VIEWER, 403, -25" value="1" type="GuiResourceData"/>
<property name="RDIResource.RDIViews_WAVEFORM_VIEWER, 403, 333" value="1" type="GuiResourceData"/>
<property name="RDIResource.RDIViews_WAVEFORM_VIEWER, 406, -25" value="1" type="GuiResourceData"/>
<property name="RDIResource.RDIViews_WAVEFORM_VIEWER, 408, -25" value="1" type="GuiResourceData"/>
<property name="RDIResource.RDIViews_WAVEFORM_VIEWER, 408, 386" value="1" type="GuiResourceData"/>
<property name="RDIResource.RDIViews_WAVEFORM_VIEWER, 410, -24" value="1" type="GuiResourceData"/>
<property name="RDIResource.RDIViews_WAVEFORM_VIEWER, 410, 389" value="1" type="GuiResourceData"/>
<property name="RDIResource.RDIViews_WAVEFORM_VIEWER, 413, -38" value="1" type="GuiResourceData"/>
<property name="RDIResource.RDIViews_WAVEFORM_VIEWER, 413, 326" value="1" type="GuiResourceData"/>
<property name="RDIResource.RDIViews_WAVEFORM_VIEWER, 413, 389" value="1" type="GuiResourceData"/>
<property name="RDIResource.RDIViews_WAVEFORM_VIEWER, 413, 7" value="1" type="GuiResourceData"/>
<property name="RDIResource.RDIViews_WAVEFORM_VIEWER, 414, 385" value="1" type="GuiResourceData"/>
<property name="RDIResource.RDIViews_WAVEFORM_VIEWER, 417, 333" value="1" type="GuiResourceData"/>
<property name="RDIResource.RDIViews_WAVEFORM_VIEWER, 419, 239" value="1" type="GuiResourceData"/>
<property name="RDIResource.RDIViews_WAVEFORM_VIEWER, 420, 299" value="1" type="GuiResourceData"/>
<property name="RDIResource.RDIViews_WAVEFORM_VIEWER, 423, 9" value="1" type="GuiResourceData"/>
<property name="RDIResource.RDIViews_WAVEFORM_VIEWER, 429, -71" value="1" type="GuiResourceData"/>
<property name="RDIResource.RDIViews_WAVEFORM_VIEWER, 431, -27" value="1" type="GuiResourceData"/>
<property name="RDIResource.RDIViews_WAVEFORM_VIEWER, 433, 327" value="1" type="GuiResourceData"/>
<property name="RDIResource.RDIViews_WAVEFORM_VIEWER, 445, 239" value="1" type="GuiResourceData"/>
<property name="RDIResource.RDIViews_WAVEFORM_VIEWER, 445, 299" value="1" type="GuiResourceData"/>
<property name="RDIResource.RDIViews_WAVEFORM_VIEWER, 450, -25" value="1" type="GuiResourceData"/>
<property name="RDIResource.RDIViews_WAVEFORM_VIEWER, 453, 236" value="1" type="GuiResourceData"/>
<property name="RDIResource.RDIViews_WAVEFORM_VIEWER, 456, -27" value="1" type="GuiResourceData"/>
<property name="RDIResource.RDIViews_WAVEFORM_VIEWER, 460, -27" value="1" type="GuiResourceData"/>
<property name="RDIResource.RDIViews_WAVEFORM_VIEWER, 467, 304" value="1" type="GuiResourceData"/>
<property name="RDIResource.RDIViews_WAVEFORM_VIEWER, 472, 242" value="1" type="GuiResourceData"/>
<property name="RDIResource.RDIViews_WAVEFORM_VIEWER, 481, 304" value="1" type="GuiResourceData"/>
<property name="RDIResource.RDIViews_WAVEFORM_VIEWER, 482, 237" value="1" type="GuiResourceData"/>
<property name="RDIResource.RDIViews_WAVEFORM_VIEWER, 482, 304" value="1" type="GuiResourceData"/>
<property name="RDIResource.RDIViews_WAVEFORM_VIEWER, 484, 307" value="1" type="GuiResourceData"/>
<property name="RDIResource.RDIViews_WAVEFORM_VIEWER, 49, 137" value="1" type="GuiResourceData"/>
<property name="RDIResource.RDIViews_WAVEFORM_VIEWER, 498, 237" value="1" type="GuiResourceData"/>
<property name="RDIResource.RDIViews_WAVEFORM_VIEWER, 500, 296" value="1" type="GuiResourceData"/>
<property name="RDIResource.RDIViews_WAVEFORM_VIEWER, 502, -25" value="1" type="GuiResourceData"/>
<property name="RDIResource.RDIViews_WAVEFORM_VIEWER, 509, 242" value="1" type="GuiResourceData"/>
<property name="RDIResource.RDIViews_WAVEFORM_VIEWER, 520, -19" value="1" type="GuiResourceData"/>
<property name="RDIResource.RDIViews_WAVEFORM_VIEWER, 523, -27" value="1" type="GuiResourceData"/>
<property name="RDIResource.RDIViews_WAVEFORM_VIEWER, 537, -52" value="1" type="GuiResourceData"/>
<property name="RDIResource.RDIViews_WAVEFORM_VIEWER, 539, -28" value="1" type="GuiResourceData"/>
<property name="RDIResource.RDIViews_WAVEFORM_VIEWER, 546, 242" value="1" type="GuiResourceData"/>
<property name="RDIResource.RDIViews_WAVEFORM_VIEWER, 58, 64, false, false, false, true, false" value="1" type="GuiResourceData"/>
<property name="RDIResource.RDIViews_WAVEFORM_VIEWER, 621, -52" value="1" type="GuiResourceData"/>
<property name="RDIResource.RDIViews_WAVEFORM_VIEWER, 628, -49" value="1" type="GuiResourceData"/>
<property name="RDIResource.RDIViews_WAVEFORM_VIEWER, 662, -24" value="1" type="GuiResourceData"/>
<property name="RDIResource.RDIViews_WAVEFORM_VIEWER, 717, 156" value="1" type="GuiResourceData"/>
<property name="RDIResource.RDIViews_WAVEFORM_VIEWER, 742, 171" value="1" type="GuiResourceData"/>
<property name="RDIResource.RDIViews_WAVEFORM_VIEWER, 761, -25" value="1" type="GuiResourceData"/>
<property name="RDIResource.RDIViews_WAVEFORM_VIEWER, 777, 215" value="1" type="GuiResourceData"/>
<property name="RDIResource.RDIViews_WAVEFORM_VIEWER, 84, 103, false, false, false, true, false" value="1" type="GuiResourceData"/>
<property name="RDIResource.RDIViews_WAVEFORM_VIEWER, 902, 125" value="1" type="GuiResourceData"/>
<property name="RDIResource.RDIViews_WAVEFORM_VIEWER, 96, 38" value="1" type="GuiResourceData"/>
<property name="RDIResource.RDIViews_WAVEFORM_VIEWER, 97, 175" value="1" type="GuiResourceData"/>
<property name="RDIResource.RDIViews_WAVEFORM_VIEWER, 99, 147" value="1" type="GuiResourceData"/>
<property name="RDIResource.RDIViews_WAVEFORM_VIEWER, Untitled 4" value="1" type="GuiResourceData"/>
<property name="RDIResource.WaveformNameTree_WAVEFORM_NAME_TREE, [true, int_addr[5:0]], 1" value="3" type="GuiResourceData"/>
<property name="TB_avbrottshanteraren.vhd, 1, 230" value="1" type="GuiResourceData"/>
<property name="TB_avbrottshanteraren.vhd, 1, 336" value="1" type="GuiResourceData"/>
<property name="TB_avbrottshanteraren.vhd, 101, 259" value="1" type="GuiResourceData"/>
<property name="TB_avbrottshanteraren.vhd, 101, 317" value="1" type="GuiResourceData"/>
<property name="TB_avbrottshanteraren.vhd, 101, 401" value="1" type="GuiResourceData"/>
<property name="TB_avbrottshanteraren.vhd, 102, 317" value="1" type="GuiResourceData"/>
<property name="TB_avbrottshanteraren.vhd, 102, 317, false, false, false, false, true" value="1" type="GuiResourceData"/>
<property name="TB_avbrottshanteraren.vhd, 102, 404" value="1" type="GuiResourceData"/>
<property name="TB_avbrottshanteraren.vhd, 103, 262" value="1" type="GuiResourceData"/>
<property name="TB_avbrottshanteraren.vhd, 104, 184" value="1" type="GuiResourceData"/>
<property name="TB_avbrottshanteraren.vhd, 104, 197" value="1" type="GuiResourceData"/>
<property name="TB_avbrottshanteraren.vhd, 104, 341" value="1" type="GuiResourceData"/>
<property name="TB_avbrottshanteraren.vhd, 104, 345" value="1" type="GuiResourceData"/>
<property name="TB_avbrottshanteraren.vhd, 105, 177" value="1" type="GuiResourceData"/>
<property name="TB_avbrottshanteraren.vhd, 105, 278" value="1" type="GuiResourceData"/>
<property name="TB_avbrottshanteraren.vhd, 106, 323" value="1" type="GuiResourceData"/>
<property name="TB_avbrottshanteraren.vhd, 106, 378" value="1" type="GuiResourceData"/>
<property name="TB_avbrottshanteraren.vhd, 108, 180" value="1" type="GuiResourceData"/>
<property name="TB_avbrottshanteraren.vhd, 108, 180, false, false, false, false, true" value="1" type="GuiResourceData"/>
<property name="TB_avbrottshanteraren.vhd, 109, 168" value="1" type="GuiResourceData"/>
<property name="TB_avbrottshanteraren.vhd, 109, 168, false, false, false, false, true" value="1" type="GuiResourceData"/>
<property name="TB_avbrottshanteraren.vhd, 109, 519" value="1" type="GuiResourceData"/>
<property name="TB_avbrottshanteraren.vhd, 110, 258" value="1" type="GuiResourceData"/>
<property name="TB_avbrottshanteraren.vhd, 110, 352" value="1" type="GuiResourceData"/>
<property name="TB_avbrottshanteraren.vhd, 112, 296" value="1" type="GuiResourceData"/>
<property name="TB_avbrottshanteraren.vhd, 1121, 274" value="1" type="GuiResourceData"/>
<property name="TB_avbrottshanteraren.vhd, 113, 248" value="1" type="GuiResourceData"/>
<property name="TB_avbrottshanteraren.vhd, 113, 307" value="1" type="GuiResourceData"/>
<property name="TB_avbrottshanteraren.vhd, 113, 315" value="1" type="GuiResourceData"/>
<property name="TB_avbrottshanteraren.vhd, 113, 390" value="1" type="GuiResourceData"/>
<property name="TB_avbrottshanteraren.vhd, 113, 433" value="1" type="GuiResourceData"/>
<property name="TB_avbrottshanteraren.vhd, 114, 300" value="1" type="GuiResourceData"/>
<property name="TB_avbrottshanteraren.vhd, 115, 213" value="1" type="GuiResourceData"/>
<property name="TB_avbrottshanteraren.vhd, 115, 230" value="1" type="GuiResourceData"/>
<property name="TB_avbrottshanteraren.vhd, 117, 139" value="1" type="GuiResourceData"/>
<property name="TB_avbrottshanteraren.vhd, 117, 139, false, false, false, false, true" value="1" type="GuiResourceData"/>
<property name="TB_avbrottshanteraren.vhd, 117, 202" value="1" type="GuiResourceData"/>
<property name="TB_avbrottshanteraren.vhd, 117, 211" value="1" type="GuiResourceData"/>
<property name="TB_avbrottshanteraren.vhd, 117, 432" value="1" type="GuiResourceData"/>
<property name="TB_avbrottshanteraren.vhd, 118, 174" value="1" type="GuiResourceData"/>
<property name="TB_avbrottshanteraren.vhd, 118, 196" value="1" type="GuiResourceData"/>
<property name="TB_avbrottshanteraren.vhd, 118, 196, false, false, false, false, true" value="1" type="GuiResourceData"/>
<property name="TB_avbrottshanteraren.vhd, 119, 189" value="1" type="GuiResourceData"/>
<property name="TB_avbrottshanteraren.vhd, 119, 215" value="1" type="GuiResourceData"/>
<property name="TB_avbrottshanteraren.vhd, 119, 215, false, false, false, false, true" value="1" type="GuiResourceData"/>
<property name="TB_avbrottshanteraren.vhd, 119, 222" value="1" type="GuiResourceData"/>
<property name="TB_avbrottshanteraren.vhd, 122, 315" value="1" type="GuiResourceData"/>
<property name="TB_avbrottshanteraren.vhd, 122, 469" value="1" type="GuiResourceData"/>
<property name="TB_avbrottshanteraren.vhd, 123, 361" value="1" type="GuiResourceData"/>
<property name="TB_avbrottshanteraren.vhd, 123, 469" value="1" type="GuiResourceData"/>
<property name="TB_avbrottshanteraren.vhd, 124, 303" value="1" type="GuiResourceData"/>
<property name="TB_avbrottshanteraren.vhd, 124, 462" value="1" type="GuiResourceData"/>
<property name="TB_avbrottshanteraren.vhd, 125, 335" value="1" type="GuiResourceData"/>
<property name="TB_avbrottshanteraren.vhd, 126, 347" value="1" type="GuiResourceData"/>
<property name="TB_avbrottshanteraren.vhd, 126, 453" value="1" type="GuiResourceData"/>
<property name="TB_avbrottshanteraren.vhd, 126, 472" value="1" type="GuiResourceData"/>
<property name="TB_avbrottshanteraren.vhd, 127, 343" value="1" type="GuiResourceData"/>
<property name="TB_avbrottshanteraren.vhd, 127, 359" value="1" type="GuiResourceData"/>
<property name="TB_avbrottshanteraren.vhd, 127, 505" value="1" type="GuiResourceData"/>
<property name="TB_avbrottshanteraren.vhd, 127, 520" value="1" type="GuiResourceData"/>
<property name="TB_avbrottshanteraren.vhd, 128, 317" value="1" type="GuiResourceData"/>
<property name="TB_avbrottshanteraren.vhd, 129, 279" value="1" type="GuiResourceData"/>
<property name="TB_avbrottshanteraren.vhd, 130, 267" value="1" type="GuiResourceData"/>
<property name="TB_avbrottshanteraren.vhd, 130, 295" value="1" type="GuiResourceData"/>
<property name="TB_avbrottshanteraren.vhd, 130, 375" value="1" type="GuiResourceData"/>
<property name="TB_avbrottshanteraren.vhd, 131, 313" value="1" type="GuiResourceData"/>
<property name="TB_avbrottshanteraren.vhd, 132, 521" value="1" type="GuiResourceData"/>
<property name="TB_avbrottshanteraren.vhd, 133, 223" value="1" type="GuiResourceData"/>
<property name="TB_avbrottshanteraren.vhd, 134, 199" value="1" type="GuiResourceData"/>
<property name="TB_avbrottshanteraren.vhd, 134, 250" value="1" type="GuiResourceData"/>
<property name="TB_avbrottshanteraren.vhd, 135, 415" value="1" type="GuiResourceData"/>
<property name="TB_avbrottshanteraren.vhd, 135, 415, false, false, false, false, true" value="1" type="GuiResourceData"/>
<property name="TB_avbrottshanteraren.vhd, 136, 237" value="1" type="GuiResourceData"/>
<property name="TB_avbrottshanteraren.vhd, 136, 429" value="1" type="GuiResourceData"/>
<property name="TB_avbrottshanteraren.vhd, 136, 429, false, false, false, false, true" value="1" type="GuiResourceData"/>
<property name="TB_avbrottshanteraren.vhd, 137, 500" value="1" type="GuiResourceData"/>
<property name="TB_avbrottshanteraren.vhd, 138, 486" value="1" type="GuiResourceData"/>
<property name="TB_avbrottshanteraren.vhd, 139, 434" value="1" type="GuiResourceData"/>
<property name="TB_avbrottshanteraren.vhd, 140, 253" value="1" type="GuiResourceData"/>
<property name="TB_avbrottshanteraren.vhd, 140, 260" value="1" type="GuiResourceData"/>
<property name="TB_avbrottshanteraren.vhd, 141, 125" value="1" type="GuiResourceData"/>
<property name="TB_avbrottshanteraren.vhd, 141, 515" value="1" type="GuiResourceData"/>
<property name="TB_avbrottshanteraren.vhd, 142, 269" value="1" type="GuiResourceData"/>
<property name="TB_avbrottshanteraren.vhd, 142, 467" value="1" type="GuiResourceData"/>
<property name="TB_avbrottshanteraren.vhd, 145, 500" value="1" type="GuiResourceData"/>
<property name="TB_avbrottshanteraren.vhd, 146, 295" value="1" type="GuiResourceData"/>
<property name="TB_avbrottshanteraren.vhd, 147, 146" value="1" type="GuiResourceData"/>
<property name="TB_avbrottshanteraren.vhd, 147, 400" value="1" type="GuiResourceData"/>
<property name="TB_avbrottshanteraren.vhd, 153, 331" value="1" type="GuiResourceData"/>
<property name="TB_avbrottshanteraren.vhd, 153, 455" value="1" type="GuiResourceData"/>
<property name="TB_avbrottshanteraren.vhd, 153, 469" value="1" type="GuiResourceData"/>
<property name="TB_avbrottshanteraren.vhd, 153, 469, false, false, false, false, true" value="1" type="GuiResourceData"/>
<property name="TB_avbrottshanteraren.vhd, 154, 466" value="1" type="GuiResourceData"/>
<property name="TB_avbrottshanteraren.vhd, 155, 464" value="1" type="GuiResourceData"/>
<property name="TB_avbrottshanteraren.vhd, 155, 466" value="1" type="GuiResourceData"/>
<property name="TB_avbrottshanteraren.vhd, 155, 466, false, false, false, false, true" value="1" type="GuiResourceData"/>
<property name="TB_avbrottshanteraren.vhd, 155, 97" value="1" type="GuiResourceData"/>
<property name="TB_avbrottshanteraren.vhd, 156, 466" value="1" type="GuiResourceData"/>
<property name="TB_avbrottshanteraren.vhd, 156, 466, false, false, false, false, true" value="1" type="GuiResourceData"/>
<property name="TB_avbrottshanteraren.vhd, 157, 333" value="1" type="GuiResourceData"/>
<property name="TB_avbrottshanteraren.vhd, 157, 469" value="2" type="GuiResourceData"/>
<property name="TB_avbrottshanteraren.vhd, 158, 523" value="1" type="GuiResourceData"/>
<property name="TB_avbrottshanteraren.vhd, 159, 179" value="1" type="GuiResourceData"/>
<property name="TB_avbrottshanteraren.vhd, 160, 466" value="3" type="GuiResourceData"/>
<property name="TB_avbrottshanteraren.vhd, 160, 471" value="1" type="GuiResourceData"/>
<property name="TB_avbrottshanteraren.vhd, 163, 516" value="1" type="GuiResourceData"/>
<property name="TB_avbrottshanteraren.vhd, 163, 517" value="1" type="GuiResourceData"/>
<property name="TB_avbrottshanteraren.vhd, 164, 215" value="1" type="GuiResourceData"/>
<property name="TB_avbrottshanteraren.vhd, 164, 469" value="1" type="GuiResourceData"/>
<property name="TB_avbrottshanteraren.vhd, 165, 343" value="1" type="GuiResourceData"/>
<property name="TB_avbrottshanteraren.vhd, 168, 278" value="1" type="GuiResourceData"/>
<property name="TB_avbrottshanteraren.vhd, 168, 387" value="1" type="GuiResourceData"/>
<property name="TB_avbrottshanteraren.vhd, 168, 468" value="1" type="GuiResourceData"/>
<property name="TB_avbrottshanteraren.vhd, 170, 385" value="1" type="GuiResourceData"/>
<property name="TB_avbrottshanteraren.vhd, 170, 99" value="1" type="GuiResourceData"/>
<property name="TB_avbrottshanteraren.vhd, 174, 287" value="1" type="GuiResourceData"/>
<property name="TB_avbrottshanteraren.vhd, 175, 319" value="1" type="GuiResourceData"/>
<property name="TB_avbrottshanteraren.vhd, 178, 113" value="1" type="GuiResourceData"/>
<property name="TB_avbrottshanteraren.vhd, 181, 474" value="1" type="GuiResourceData"/>
<property name="TB_avbrottshanteraren.vhd, 181, 519" value="2" type="GuiResourceData"/>
<property name="TB_avbrottshanteraren.vhd, 182, 433" value="1" type="GuiResourceData"/>
<property name="TB_avbrottshanteraren.vhd, 183, 297" value="1" type="GuiResourceData"/>
<property name="TB_avbrottshanteraren.vhd, 183, 449" value="1" type="GuiResourceData"/>
<property name="TB_avbrottshanteraren.vhd, 183, 449, false, false, false, false, true" value="1" type="GuiResourceData"/>
<property name="TB_avbrottshanteraren.vhd, 186, 297" value="1" type="GuiResourceData"/>
<property name="TB_avbrottshanteraren.vhd, 186, 469" value="1" type="GuiResourceData"/>
<property name="TB_avbrottshanteraren.vhd, 186, 516" value="1" type="GuiResourceData"/>
<property name="TB_avbrottshanteraren.vhd, 187, 449" value="1" type="GuiResourceData"/>
<property name="TB_avbrottshanteraren.vhd, 187, 449, false, false, false, false, true" value="1" type="GuiResourceData"/>
<property name="TB_avbrottshanteraren.vhd, 188, 528" value="1" type="GuiResourceData"/>
<property name="TB_avbrottshanteraren.vhd, 189, 441" value="1" type="GuiResourceData"/>
<property name="TB_avbrottshanteraren.vhd, 19, 108" value="1" type="GuiResourceData"/>
<property name="TB_avbrottshanteraren.vhd, 191, 482" value="1" type="GuiResourceData"/>
<property name="TB_avbrottshanteraren.vhd, 193, 448" value="1" type="GuiResourceData"/>
<property name="TB_avbrottshanteraren.vhd, 193, 489" value="1" type="GuiResourceData"/>
<property name="TB_avbrottshanteraren.vhd, 194, 490" value="1" type="GuiResourceData"/>
<property name="TB_avbrottshanteraren.vhd, 194, 496" value="1" type="GuiResourceData"/>
<property name="TB_avbrottshanteraren.vhd, 195, 428" value="1" type="GuiResourceData"/>
<property name="TB_avbrottshanteraren.vhd, 196, 446" value="1" type="GuiResourceData"/>
<property name="TB_avbrottshanteraren.vhd, 198, 437" value="1" type="GuiResourceData"/>
<property name="TB_avbrottshanteraren.vhd, 199, 266" value="1" type="GuiResourceData"/>
<property name="TB_avbrottshanteraren.vhd, 199, 421" value="1" type="GuiResourceData"/>
<property name="TB_avbrottshanteraren.vhd, 2, 157" value="1" type="GuiResourceData"/>
<property name="TB_avbrottshanteraren.vhd, 2, 301" value="1" type="GuiResourceData"/>
<property name="TB_avbrottshanteraren.vhd, 203, 197" value="1" type="GuiResourceData"/>
<property name="TB_avbrottshanteraren.vhd, 205, 247, false, false, false, false, true" value="1" type="GuiResourceData"/>
<property name="TB_avbrottshanteraren.vhd, 207, 232" value="1" type="GuiResourceData"/>
<property name="TB_avbrottshanteraren.vhd, 207, 250" value="1" type="GuiResourceData"/>
<property name="TB_avbrottshanteraren.vhd, 208, 365" value="1" type="GuiResourceData"/>
<property name="TB_avbrottshanteraren.vhd, 208, 485" value="1" type="GuiResourceData"/>
<property name="TB_avbrottshanteraren.vhd, 209, 436" value="1" type="GuiResourceData"/>
<property name="TB_avbrottshanteraren.vhd, 210, 176" value="1" type="GuiResourceData"/>
<property name="TB_avbrottshanteraren.vhd, 212, 584" value="1" type="GuiResourceData"/>
<property name="TB_avbrottshanteraren.vhd, 214, 480" value="1" type="GuiResourceData"/>
<property name="TB_avbrottshanteraren.vhd, 216, 211" value="1" type="GuiResourceData"/>
<property name="TB_avbrottshanteraren.vhd, 216, 455" value="1" type="GuiResourceData"/>
<property name="TB_avbrottshanteraren.vhd, 216, 462" value="1" type="GuiResourceData"/>
<property name="TB_avbrottshanteraren.vhd, 217, 606" value="1" type="GuiResourceData"/>
<property name="TB_avbrottshanteraren.vhd, 219, 341" value="1" type="GuiResourceData"/>
<property name="TB_avbrottshanteraren.vhd, 222, 504" value="1" type="GuiResourceData"/>
<property name="TB_avbrottshanteraren.vhd, 223, 464" value="1" type="GuiResourceData"/>
<property name="TB_avbrottshanteraren.vhd, 228, 620" value="1" type="GuiResourceData"/>
<property name="TB_avbrottshanteraren.vhd, 230, 263" value="1" type="GuiResourceData"/>
<property name="TB_avbrottshanteraren.vhd, 230, 432" value="1" type="GuiResourceData"/>
<property name="TB_avbrottshanteraren.vhd, 232, 422" value="1" type="GuiResourceData"/>
<property name="TB_avbrottshanteraren.vhd, 232, 473" value="1" type="GuiResourceData"/>
<property name="TB_avbrottshanteraren.vhd, 233, 266" value="1" type="GuiResourceData"/>
<property name="TB_avbrottshanteraren.vhd, 235, 225" value="1" type="GuiResourceData"/>
<property name="TB_avbrottshanteraren.vhd, 236, 263" value="1" type="GuiResourceData"/>
<property name="TB_avbrottshanteraren.vhd, 238, 502" value="1" type="GuiResourceData"/>
<property name="TB_avbrottshanteraren.vhd, 24, 385" value="1" type="GuiResourceData"/>
<property name="TB_avbrottshanteraren.vhd, 242, 640" value="1" type="GuiResourceData"/>
<property name="TB_avbrottshanteraren.vhd, 243, 283" value="1" type="GuiResourceData"/>
<property name="TB_avbrottshanteraren.vhd, 244, 249" value="1" type="GuiResourceData"/>
<property name="TB_avbrottshanteraren.vhd, 244, 467" value="1" type="GuiResourceData"/>
<property name="TB_avbrottshanteraren.vhd, 245, 191" value="1" type="GuiResourceData"/>
<property name="TB_avbrottshanteraren.vhd, 247, 297" value="1" type="GuiResourceData"/>
<property name="TB_avbrottshanteraren.vhd, 248, 597" value="1" type="GuiResourceData"/>
<property name="TB_avbrottshanteraren.vhd, 250, 315" value="1" type="GuiResourceData"/>
<property name="TB_avbrottshanteraren.vhd, 251, 495" value="1" type="GuiResourceData"/>
<property name="TB_avbrottshanteraren.vhd, 252, 350" value="1" type="GuiResourceData"/>
<property name="TB_avbrottshanteraren.vhd, 253, 522" value="1" type="GuiResourceData"/>
<property name="TB_avbrottshanteraren.vhd, 26, 489" value="1" type="GuiResourceData"/>
<property name="TB_avbrottshanteraren.vhd, 27, 197" value="1" type="GuiResourceData"/>
<property name="TB_avbrottshanteraren.vhd, 27, 439" value="1" type="GuiResourceData"/>
<property name="TB_avbrottshanteraren.vhd, 27, 459" value="1" type="GuiResourceData"/>
<property name="TB_avbrottshanteraren.vhd, 27, 509" value="1" type="GuiResourceData"/>
<property name="TB_avbrottshanteraren.vhd, 276, 294" value="1" type="GuiResourceData"/>
<property name="TB_avbrottshanteraren.vhd, 277, 467" value="1" type="GuiResourceData"/>
<property name="TB_avbrottshanteraren.vhd, 28, 450" value="1" type="GuiResourceData"/>
<property name="TB_avbrottshanteraren.vhd, 28, 468" value="1" type="GuiResourceData"/>
<property name="TB_avbrottshanteraren.vhd, 28, 484" value="1" type="GuiResourceData"/>
<property name="TB_avbrottshanteraren.vhd, 280, 192" value="1" type="GuiResourceData"/>
<property name="TB_avbrottshanteraren.vhd, 282, 264" value="1" type="GuiResourceData"/>
<property name="TB_avbrottshanteraren.vhd, 284, 181" value="1" type="GuiResourceData"/>
<property name="TB_avbrottshanteraren.vhd, 284, 319" value="1" type="GuiResourceData"/>
<property name="TB_avbrottshanteraren.vhd, 29, 346" value="1" type="GuiResourceData"/>
<property name="TB_avbrottshanteraren.vhd, 29, 449" value="1" type="GuiResourceData"/>
<property name="TB_avbrottshanteraren.vhd, 290, 231" value="1" type="GuiResourceData"/>
<property name="TB_avbrottshanteraren.vhd, 294, 210" value="1" type="GuiResourceData"/>
<property name="TB_avbrottshanteraren.vhd, 30, 368" value="1" type="GuiResourceData"/>
<property name="TB_avbrottshanteraren.vhd, 30, 421" value="1" type="GuiResourceData"/>
<property name="TB_avbrottshanteraren.vhd, 30, 435" value="1" type="GuiResourceData"/>
<property name="TB_avbrottshanteraren.vhd, 30, 449, false, false, false, false, true" value="1" type="GuiResourceData"/>
<property name="TB_avbrottshanteraren.vhd, 30, 471" value="1" type="GuiResourceData"/>
<property name="TB_avbrottshanteraren.vhd, 30, 472" value="1" type="GuiResourceData"/>
<property name="TB_avbrottshanteraren.vhd, 30, 528" value="1" type="GuiResourceData"/>
<property name="TB_avbrottshanteraren.vhd, 305, 290" value="1" type="GuiResourceData"/>
<property name="TB_avbrottshanteraren.vhd, 31, 479" value="1" type="GuiResourceData"/>
<property name="TB_avbrottshanteraren.vhd, 31, 482" value="1" type="GuiResourceData"/>
<property name="TB_avbrottshanteraren.vhd, 312, 226" value="1" type="GuiResourceData"/>
<property name="TB_avbrottshanteraren.vhd, 313, 232" value="1" type="GuiResourceData"/>
<property name="TB_avbrottshanteraren.vhd, 32, 436" value="1" type="GuiResourceData"/>
<property name="TB_avbrottshanteraren.vhd, 32, 450" value="1" type="GuiResourceData"/>
<property name="TB_avbrottshanteraren.vhd, 32, 450, false, false, false, false, true" value="1" type="GuiResourceData"/>
<property name="TB_avbrottshanteraren.vhd, 32, 473" value="1" type="GuiResourceData"/>
<property name="TB_avbrottshanteraren.vhd, 32, 473, false, false, false, false, true" value="1" type="GuiResourceData"/>
<property name="TB_avbrottshanteraren.vhd, 322, 502" value="1" type="GuiResourceData"/>
<property name="TB_avbrottshanteraren.vhd, 322, 528" value="1" type="GuiResourceData"/>
<property name="TB_avbrottshanteraren.vhd, 329, 315" value="1" type="GuiResourceData"/>
<property name="TB_avbrottshanteraren.vhd, 330, 384" value="1" type="GuiResourceData"/>
<property name="TB_avbrottshanteraren.vhd, 332, 320" value="1" type="GuiResourceData"/>
<property name="TB_avbrottshanteraren.vhd, 335, 235" value="1" type="GuiResourceData"/>
<property name="TB_avbrottshanteraren.vhd, 346, 388" value="1" type="GuiResourceData"/>
<property name="TB_avbrottshanteraren.vhd, 349, 465" value="1" type="GuiResourceData"/>
<property name="TB_avbrottshanteraren.vhd, 35, 419" value="1" type="GuiResourceData"/>
<property name="TB_avbrottshanteraren.vhd, 35, 419, false, false, false, false, true" value="1" type="GuiResourceData"/>
<property name="TB_avbrottshanteraren.vhd, 366, 229" value="1" type="GuiResourceData"/>
<property name="TB_avbrottshanteraren.vhd, 37, 432" value="1" type="GuiResourceData"/>
<property name="TB_avbrottshanteraren.vhd, 37, 432, false, false, false, false, true" value="1" type="GuiResourceData"/>
<property name="TB_avbrottshanteraren.vhd, 376, 175" value="1" type="GuiResourceData"/>
<property name="TB_avbrottshanteraren.vhd, 377, 209" value="1" type="GuiResourceData"/>
<property name="TB_avbrottshanteraren.vhd, 378, 277" value="1" type="GuiResourceData"/>
<property name="TB_avbrottshanteraren.vhd, 386, 298" value="1" type="GuiResourceData"/>
<property name="TB_avbrottshanteraren.vhd, 388, 391" value="1" type="GuiResourceData"/>
<property name="TB_avbrottshanteraren.vhd, 401, 520" value="1" type="GuiResourceData"/>
<property name="TB_avbrottshanteraren.vhd, 41, 382" value="1" type="GuiResourceData"/>
<property name="TB_avbrottshanteraren.vhd, 41, 488" value="1" type="GuiResourceData"/>
<property name="TB_avbrottshanteraren.vhd, 411, 295" value="1" type="GuiResourceData"/>
<property name="TB_avbrottshanteraren.vhd, 420, 418" value="1" type="GuiResourceData"/>
<property name="TB_avbrottshanteraren.vhd, 427, 180" value="1" type="GuiResourceData"/>
<property name="TB_avbrottshanteraren.vhd, 435, 346" value="1" type="GuiResourceData"/>
<property name="TB_avbrottshanteraren.vhd, 44, 398" value="1" type="GuiResourceData"/>
<property name="TB_avbrottshanteraren.vhd, 46, 102" value="1" type="GuiResourceData"/>
<property name="TB_avbrottshanteraren.vhd, 46, 398" value="1" type="GuiResourceData"/>
<property name="TB_avbrottshanteraren.vhd, 469, 470" value="1" type="GuiResourceData"/>
<property name="TB_avbrottshanteraren.vhd, 474, 228" value="1" type="GuiResourceData"/>
<property name="TB_avbrottshanteraren.vhd, 48, 185" value="1" type="GuiResourceData"/>
<property name="TB_avbrottshanteraren.vhd, 48, 251" value="1" type="GuiResourceData"/>
<property name="TB_avbrottshanteraren.vhd, 48, 336" value="1" type="GuiResourceData"/>
<property name="TB_avbrottshanteraren.vhd, 48, 635" value="1" type="GuiResourceData"/>
<property name="TB_avbrottshanteraren.vhd, 481, 296" value="1" type="GuiResourceData"/>
<property name="TB_avbrottshanteraren.vhd, 50, 120" value="1" type="GuiResourceData"/>
<property name="TB_avbrottshanteraren.vhd, 51, 122" value="1" type="GuiResourceData"/>
<property name="TB_avbrottshanteraren.vhd, 52, 123" value="1" type="GuiResourceData"/>
<property name="TB_avbrottshanteraren.vhd, 53, 382" value="1" type="GuiResourceData"/>
<property name="TB_avbrottshanteraren.vhd, 53, 503" value="1" type="GuiResourceData"/>
<property name="TB_avbrottshanteraren.vhd, 53, 523" value="1" type="GuiResourceData"/>
<property name="TB_avbrottshanteraren.vhd, 54, 386" value="1" type="GuiResourceData"/>
<property name="TB_avbrottshanteraren.vhd, 54, 504" value="1" type="GuiResourceData"/>
<property name="TB_avbrottshanteraren.vhd, 54, 600" value="1" type="GuiResourceData"/>
<property name="TB_avbrottshanteraren.vhd, 55, 122, false, false, false, false, true" value="1" type="GuiResourceData"/>
<property name="TB_avbrottshanteraren.vhd, 55, 355" value="1" type="GuiResourceData"/>
<property name="TB_avbrottshanteraren.vhd, 55, 455" value="1" type="GuiResourceData"/>
<property name="TB_avbrottshanteraren.vhd, 55, 462" value="1" type="GuiResourceData"/>
<property name="TB_avbrottshanteraren.vhd, 56, 128" value="1" type="GuiResourceData"/>
<property name="TB_avbrottshanteraren.vhd, 56, 334" value="1" type="GuiResourceData"/>
<property name="TB_avbrottshanteraren.vhd, 56, 414" value="1" type="GuiResourceData"/>
<property name="TB_avbrottshanteraren.vhd, 56, 471" value="1" type="GuiResourceData"/>
<property name="TB_avbrottshanteraren.vhd, 56, 503" value="1" type="GuiResourceData"/>
<property name="TB_avbrottshanteraren.vhd, 57, 393" value="1" type="GuiResourceData"/>
<property name="TB_avbrottshanteraren.vhd, 57, 491" value="1" type="GuiResourceData"/>
<property name="TB_avbrottshanteraren.vhd, 57, 523" value="1" type="GuiResourceData"/>
<property name="TB_avbrottshanteraren.vhd, 58, 251" value="1" type="GuiResourceData"/>
<property name="TB_avbrottshanteraren.vhd, 58, 470" value="1" type="GuiResourceData"/>
<property name="TB_avbrottshanteraren.vhd, 58, 637" value="1" type="GuiResourceData"/>
<property name="TB_avbrottshanteraren.vhd, 60, 541" value="1" type="GuiResourceData"/>
<property name="TB_avbrottshanteraren.vhd, 62, 386" value="1" type="GuiResourceData"/>
<property name="TB_avbrottshanteraren.vhd, 62, 620" value="1" type="GuiResourceData"/>
<property name="TB_avbrottshanteraren.vhd, 66, 132" value="1" type="GuiResourceData"/>
<property name="TB_avbrottshanteraren.vhd, 70, 515" value="1" type="GuiResourceData"/>
<property name="TB_avbrottshanteraren.vhd, 72, 114" value="1" type="GuiResourceData"/>
<property name="TB_avbrottshanteraren.vhd, 72, 232" value="1" type="GuiResourceData"/>
<property name="TB_avbrottshanteraren.vhd, 74, 399" value="1" type="GuiResourceData"/>
<property name="TB_avbrottshanteraren.vhd, 79, 250" value="1" type="GuiResourceData"/>
<property name="TB_avbrottshanteraren.vhd, 79, 438" value="1" type="GuiResourceData"/>
<property name="TB_avbrottshanteraren.vhd, 81, 437" value="1" type="GuiResourceData"/>
<property name="TB_avbrottshanteraren.vhd, 81, 438" value="1" type="GuiResourceData"/>
<property name="TB_avbrottshanteraren.vhd, 82, 334" value="1" type="GuiResourceData"/>
<property name="TB_avbrottshanteraren.vhd, 83, 250" value="1" type="GuiResourceData"/>
<property name="TB_avbrottshanteraren.vhd, 85, 346" value="1" type="GuiResourceData"/>
<property name="TB_avbrottshanteraren.vhd, 85, 607" value="1" type="GuiResourceData"/>
<property name="TB_avbrottshanteraren.vhd, 87, 485" value="1" type="GuiResourceData"/>
<property name="TB_avbrottshanteraren.vhd, 88, 484" value="1" type="GuiResourceData"/>
<property name="TB_avbrottshanteraren.vhd, 91, 263" value="1" type="GuiResourceData"/>
<property name="TB_avbrottshanteraren.vhd, 94, 467" value="1" type="GuiResourceData"/>
<property name="TB_avbrottshanteraren.vhd, 95, 489" value="1" type="GuiResourceData"/>
<property name="TB_avbrottshanteraren.vhd, 96, 222" value="1" type="GuiResourceData"/>
<property name="TB_avbrottshanteraren.vhd, 96, 222, false, false, false, false, true" value="1" type="GuiResourceData"/>
<property name="TB_avbrottshanteraren.vhd, 96, 418" value="1" type="GuiResourceData"/>
<property name="TB_avbrottshanteraren.vhd, 97, 516" value="1" type="GuiResourceData"/>
<property name="TB_avbrottshanteraren.vhd, 98, 450" value="1" type="GuiResourceData"/>
<property name="TB_avbrottshanteraren.vhd, 99, 312" value="1" type="GuiResourceData"/>
<property name="TB_avbrottshanteraren.vhd, 99, 523" value="1" type="GuiResourceData"/>
<property name="TB_work_reg.vhd, 146, 488" value="1" type="GuiResourceData"/>
<property name="TB_work_reg.vhd, 25, 194" value="1" type="GuiResourceData"/>
<property name="TB_work_reg.vhd, 25, 415" value="1" type="GuiResourceData"/>
<property name="TB_work_reg.vhd, 250, 192" value="1" type="GuiResourceData"/>
<property name="TB_work_reg.vhd, 285, 320" value="1" type="GuiResourceData"/>
<property name="TB_work_reg.vhd, 285, 349" value="1" type="GuiResourceData"/>
<property name="TB_work_reg.vhd, 300, 327" value="1" type="GuiResourceData"/>
<property name="TB_work_reg.vhd, 301, 444" value="1" type="GuiResourceData"/>
<property name="TB_work_reg.vhd, 324, 164" value="1" type="GuiResourceData"/>
<property name="TB_work_reg.vhd, 338, 288" value="1" type="GuiResourceData"/>
<property name="TB_work_reg.vhd, 397, 449" value="1" type="GuiResourceData"/>
<property name="TB_work_reg.vhd, 405, 283" value="1" type="GuiResourceData"/>
<property name="TB_work_reg.vhd, 419, 357" value="1" type="GuiResourceData"/>
<property name="TB_work_reg.vhd, 46, 472" value="1" type="GuiResourceData"/>
<property name="TB_work_reg.vhd, 483, 249" value="1" type="GuiResourceData"/>
<property name="TB_work_reg.vhd, 54, 311" value="1" type="GuiResourceData"/>
<property name="TB_work_reg.vhd, 62, 473" value="1" type="GuiResourceData"/>
<property name="avbrottshanteraren.vhd, 100, 365" value="1" type="GuiResourceData"/>
<property name="avbrottshanteraren.vhd, 100, 379" value="1" type="GuiResourceData"/>
<property name="avbrottshanteraren.vhd, 100, 486" value="1" type="GuiResourceData"/>
<property name="avbrottshanteraren.vhd, 101, 333" value="1" type="GuiResourceData"/>
<property name="avbrottshanteraren.vhd, 101, 478" value="1" type="GuiResourceData"/>
<property name="avbrottshanteraren.vhd, 102, 411" value="1" type="GuiResourceData"/>
<property name="avbrottshanteraren.vhd, 104, 353" value="1" type="GuiResourceData"/>
<property name="avbrottshanteraren.vhd, 104, 416" value="1" type="GuiResourceData"/>
<property name="avbrottshanteraren.vhd, 106, 336" value="1" type="GuiResourceData"/>
<property name="avbrottshanteraren.vhd, 108, 381" value="1" type="GuiResourceData"/>
<property name="avbrottshanteraren.vhd, 108, 429" value="1" type="GuiResourceData"/>
<property name="avbrottshanteraren.vhd, 108, 442" value="1" type="GuiResourceData"/>
<property name="avbrottshanteraren.vhd, 108, 505" value="1" type="GuiResourceData"/>
<property name="avbrottshanteraren.vhd, 11, 434" value="1" type="GuiResourceData"/>
<property name="avbrottshanteraren.vhd, 110, 432" value="1" type="GuiResourceData"/>
<property name="avbrottshanteraren.vhd, 110, 475" value="1" type="GuiResourceData"/>
<property name="avbrottshanteraren.vhd, 111, 351" value="1" type="GuiResourceData"/>
<property name="avbrottshanteraren.vhd, 111, 495" value="1" type="GuiResourceData"/>
<property name="avbrottshanteraren.vhd, 114, 366" value="1" type="GuiResourceData"/>
<property name="avbrottshanteraren.vhd, 115, 379" value="1" type="GuiResourceData"/>
<property name="avbrottshanteraren.vhd, 116, 301" value="2" type="GuiResourceData"/>
<property name="avbrottshanteraren.vhd, 116, 421" value="1" type="GuiResourceData"/>
<property name="avbrottshanteraren.vhd, 117, 284" value="1" type="GuiResourceData"/>
<property name="avbrottshanteraren.vhd, 117, 299" value="1" type="GuiResourceData"/>
<property name="avbrottshanteraren.vhd, 117, 416" value="1" type="GuiResourceData"/>
<property name="avbrottshanteraren.vhd, 117, 447" value="1" type="GuiResourceData"/>
<property name="avbrottshanteraren.vhd, 117, 468" value="1" type="GuiResourceData"/>
<property name="avbrottshanteraren.vhd, 12, 445" value="1" type="GuiResourceData"/>
<property name="avbrottshanteraren.vhd, 120, 431" value="1" type="GuiResourceData"/>
<property name="avbrottshanteraren.vhd, 120, 436" value="1" type="GuiResourceData"/>
<property name="avbrottshanteraren.vhd, 121, 463" value="1" type="GuiResourceData"/>
<property name="avbrottshanteraren.vhd, 122, 256" value="1" type="GuiResourceData"/>
<property name="avbrottshanteraren.vhd, 123, 218" value="1" type="GuiResourceData"/>
<property name="avbrottshanteraren.vhd, 123, 223" value="1" type="GuiResourceData"/>
<property name="avbrottshanteraren.vhd, 123, 402" value="1" type="GuiResourceData"/>
<property name="avbrottshanteraren.vhd, 123, 433" value="1" type="GuiResourceData"/>
<property name="avbrottshanteraren.vhd, 123, 434" value="1" type="GuiResourceData"/>
<property name="avbrottshanteraren.vhd, 123, 503" value="1" type="GuiResourceData"/>
<property name="avbrottshanteraren.vhd, 123, 534" value="1" type="GuiResourceData"/>
<property name="avbrottshanteraren.vhd, 124, 169" value="1" type="GuiResourceData"/>
<property name="avbrottshanteraren.vhd, 124, 330" value="1" type="GuiResourceData"/>
<property name="avbrottshanteraren.vhd, 124, 412" value="1" type="GuiResourceData"/>
<property name="avbrottshanteraren.vhd, 124, 422" value="1" type="GuiResourceData"/>
<property name="avbrottshanteraren.vhd, 125, 313" value="1" type="GuiResourceData"/>
<property name="avbrottshanteraren.vhd, 126, 249" value="1" type="GuiResourceData"/>
<property name="avbrottshanteraren.vhd, 126, 330" value="1" type="GuiResourceData"/>
<property name="avbrottshanteraren.vhd, 126, 371" value="1" type="GuiResourceData"/>
<property name="avbrottshanteraren.vhd, 126, 376" value="1" type="GuiResourceData"/>
<property name="avbrottshanteraren.vhd, 126, 409" value="1" type="GuiResourceData"/>
<property name="avbrottshanteraren.vhd, 127, 345" value="1" type="GuiResourceData"/>
<property name="avbrottshanteraren.vhd, 127, 392" value="1" type="GuiResourceData"/>
<property name="avbrottshanteraren.vhd, 127, 415" value="1" type="GuiResourceData"/>
<property name="avbrottshanteraren.vhd, 127, 444, false, false, false, false, true" value="1" type="GuiResourceData"/>
<property name="avbrottshanteraren.vhd, 128, 308" value="1" type="GuiResourceData"/>
<property name="avbrottshanteraren.vhd, 128, 405" value="1" type="GuiResourceData"/>
<property name="avbrottshanteraren.vhd, 128, 405, false, false, false, false, true" value="1" type="GuiResourceData"/>
<property name="avbrottshanteraren.vhd, 129, 373" value="2" type="GuiResourceData"/>
<property name="avbrottshanteraren.vhd, 129, 408" value="1" type="GuiResourceData"/>
<property name="avbrottshanteraren.vhd, 130, 390" value="1" type="GuiResourceData"/>
<property name="avbrottshanteraren.vhd, 130, 393, false, false, false, false, true" value="1" type="GuiResourceData"/>
<property name="avbrottshanteraren.vhd, 130, 492" value="1" type="GuiResourceData"/>
<property name="avbrottshanteraren.vhd, 131, 405" value="1" type="GuiResourceData"/>
<property name="avbrottshanteraren.vhd, 131, 444" value="1" type="GuiResourceData"/>
<property name="avbrottshanteraren.vhd, 132, 316" value="1" type="GuiResourceData"/>
<property name="avbrottshanteraren.vhd, 132, 428" value="1" type="GuiResourceData"/>
<property name="avbrottshanteraren.vhd, 133, 428" value="1" type="GuiResourceData"/>
<property name="avbrottshanteraren.vhd, 134, 360" value="1" type="GuiResourceData"/>
<property name="avbrottshanteraren.vhd, 134, 363" value="1" type="GuiResourceData"/>
<property name="avbrottshanteraren.vhd, 138, 433" value="1" type="GuiResourceData"/>
<property name="avbrottshanteraren.vhd, 139, 309" value="2" type="GuiResourceData"/>
<property name="avbrottshanteraren.vhd, 139, 443" value="1" type="GuiResourceData"/>
<property name="avbrottshanteraren.vhd, 140, 465" value="1" type="GuiResourceData"/>
<property name="avbrottshanteraren.vhd, 141, 313" value="1" type="GuiResourceData"/>
<property name="avbrottshanteraren.vhd, 141, 397" value="1" type="GuiResourceData"/>
<property name="avbrottshanteraren.vhd, 141, 435" value="1" type="GuiResourceData"/>
<property name="avbrottshanteraren.vhd, 143, 365" value="1" type="GuiResourceData"/>
<property name="avbrottshanteraren.vhd, 145, 423" value="1" type="GuiResourceData"/>
<property name="avbrottshanteraren.vhd, 146, 416" value="1" type="GuiResourceData"/>
<property name="avbrottshanteraren.vhd, 147, 280" value="1" type="GuiResourceData"/>
<property name="avbrottshanteraren.vhd, 147, 323" value="1" type="GuiResourceData"/>
<property name="avbrottshanteraren.vhd, 147, 467" value="1" type="GuiResourceData"/>
<property name="avbrottshanteraren.vhd, 147, 469" value="1" type="GuiResourceData"/>
<property name="avbrottshanteraren.vhd, 147, 495" value="1" type="GuiResourceData"/>
<property name="avbrottshanteraren.vhd, 148, 523" value="1" type="GuiResourceData"/>
<property name="avbrottshanteraren.vhd, 149, 364" value="1" type="GuiResourceData"/>
<property name="avbrottshanteraren.vhd, 149, 442" value="1" type="GuiResourceData"/>
<property name="avbrottshanteraren.vhd, 150, 368" value="1" type="GuiResourceData"/>
<property name="avbrottshanteraren.vhd, 150, 413" value="1" type="GuiResourceData"/>
<property name="avbrottshanteraren.vhd, 150, 421" value="1" type="GuiResourceData"/>
<property name="avbrottshanteraren.vhd, 150, 472" value="1" type="GuiResourceData"/>
<property name="avbrottshanteraren.vhd, 151, 253" value="1" type="GuiResourceData"/>
<property name="avbrottshanteraren.vhd, 151, 409" value="1" type="GuiResourceData"/>
<property name="avbrottshanteraren.vhd, 151, 418" value="1" type="GuiResourceData"/>
<property name="avbrottshanteraren.vhd, 151, 442" value="1" type="GuiResourceData"/>
<property name="avbrottshanteraren.vhd, 152, 349" value="1" type="GuiResourceData"/>
<property name="avbrottshanteraren.vhd, 152, 470" value="1" type="GuiResourceData"/>
<property name="avbrottshanteraren.vhd, 153, 163" value="2" type="GuiResourceData"/>
<property name="avbrottshanteraren.vhd, 153, 521" value="1" type="GuiResourceData"/>
<property name="avbrottshanteraren.vhd, 154, 473" value="1" type="GuiResourceData"/>
<property name="avbrottshanteraren.vhd, 155, 430" value="1" type="GuiResourceData"/>
<property name="avbrottshanteraren.vhd, 155, 488" value="1" type="GuiResourceData"/>
<property name="avbrottshanteraren.vhd, 156, 460" value="1" type="GuiResourceData"/>
<property name="avbrottshanteraren.vhd, 156, 509" value="1" type="GuiResourceData"/>
<property name="avbrottshanteraren.vhd, 157, 452" value="1" type="GuiResourceData"/>
<property name="avbrottshanteraren.vhd, 157, 519" value="1" type="GuiResourceData"/>
<property name="avbrottshanteraren.vhd, 158, 492" value="1" type="GuiResourceData"/>
<property name="avbrottshanteraren.vhd, 160, 516" value="1" type="GuiResourceData"/>
<property name="avbrottshanteraren.vhd, 162, 401" value="1" type="GuiResourceData"/>
<property name="avbrottshanteraren.vhd, 162, 485" value="1" type="GuiResourceData"/>
<property name="avbrottshanteraren.vhd, 163, 381" value="1" type="GuiResourceData"/>
<property name="avbrottshanteraren.vhd, 164, 433" value="1" type="GuiResourceData"/>
<property name="avbrottshanteraren.vhd, 164, 509" value="1" type="GuiResourceData"/>
<property name="avbrottshanteraren.vhd, 166, 437" value="1" type="GuiResourceData"/>
<property name="avbrottshanteraren.vhd, 167, 328" value="1" type="GuiResourceData"/>
<property name="avbrottshanteraren.vhd, 167, 522" value="1" type="GuiResourceData"/>
<property name="avbrottshanteraren.vhd, 168, 437" value="1" type="GuiResourceData"/>
<property name="avbrottshanteraren.vhd, 169, 522" value="1" type="GuiResourceData"/>
<property name="avbrottshanteraren.vhd, 171, 159" value="1" type="GuiResourceData"/>
<property name="avbrottshanteraren.vhd, 172, 310" value="2" type="GuiResourceData"/>
<property name="avbrottshanteraren.vhd, 172, 471" value="1" type="GuiResourceData"/>
<property name="avbrottshanteraren.vhd, 175, 349" value="1" type="GuiResourceData"/>
<property name="avbrottshanteraren.vhd, 175, 418" value="1" type="GuiResourceData"/>
<property name="avbrottshanteraren.vhd, 176, 157" value="1" type="GuiResourceData"/>
<property name="avbrottshanteraren.vhd, 176, 417" value="1" type="GuiResourceData"/>
<property name="avbrottshanteraren.vhd, 179, 465" value="1" type="GuiResourceData"/>
<property name="avbrottshanteraren.vhd, 180, 349" value="1" type="GuiResourceData"/>
<property name="avbrottshanteraren.vhd, 181, 96" value="1" type="GuiResourceData"/>
<property name="avbrottshanteraren.vhd, 182, 164" value="1" type="GuiResourceData"/>
<property name="avbrottshanteraren.vhd, 182, 170" value="1" type="GuiResourceData"/>
<property name="avbrottshanteraren.vhd, 182, 420" value="1" type="GuiResourceData"/>
<property name="avbrottshanteraren.vhd, 185, 434" value="1" type="GuiResourceData"/>
<property name="avbrottshanteraren.vhd, 185, 57" value="1" type="GuiResourceData"/>
<property name="avbrottshanteraren.vhd, 187, 58" value="1" type="GuiResourceData"/>
<property name="avbrottshanteraren.vhd, 19, 453" value="1" type="GuiResourceData"/>
<property name="avbrottshanteraren.vhd, 19, 455" value="1" type="GuiResourceData"/>
<property name="avbrottshanteraren.vhd, 191, 367" value="1" type="GuiResourceData"/>
<property name="avbrottshanteraren.vhd, 194, 446" value="1" type="GuiResourceData"/>
<property name="avbrottshanteraren.vhd, 196, 379" value="1" type="GuiResourceData"/>
<property name="avbrottshanteraren.vhd, 196, 430" value="1" type="GuiResourceData"/>
<property name="avbrottshanteraren.vhd, 197, 363" value="1" type="GuiResourceData"/>
<property name="avbrottshanteraren.vhd, 2, 534" value="1" type="GuiResourceData"/>
<property name="avbrottshanteraren.vhd, 204, 278" value="1" type="GuiResourceData"/>
<property name="avbrottshanteraren.vhd, 205, 349" value="1" type="GuiResourceData"/>
<property name="avbrottshanteraren.vhd, 207, 230" value="1" type="GuiResourceData"/>
<property name="avbrottshanteraren.vhd, 207, 388" value="1" type="GuiResourceData"/>
<property name="avbrottshanteraren.vhd, 208, 407" value="1" type="GuiResourceData"/>
<property name="avbrottshanteraren.vhd, 208, 481" value="1" type="GuiResourceData"/>
<property name="avbrottshanteraren.vhd, 210, 318" value="1" type="GuiResourceData"/>
<property name="avbrottshanteraren.vhd, 211, 269" value="1" type="GuiResourceData"/>
<property name="avbrottshanteraren.vhd, 211, 383" value="1" type="GuiResourceData"/>
<property name="avbrottshanteraren.vhd, 211, 469" value="1" type="GuiResourceData"/>
<property name="avbrottshanteraren.vhd, 216, 409" value="1" type="GuiResourceData"/>
<property name="avbrottshanteraren.vhd, 217, 378" value="1" type="GuiResourceData"/>
<property name="avbrottshanteraren.vhd, 218, 310" value="1" type="GuiResourceData"/>
<property name="avbrottshanteraren.vhd, 218, 380" value="1" type="GuiResourceData"/>
<property name="avbrottshanteraren.vhd, 218, 445" value="1" type="GuiResourceData"/>
<property name="avbrottshanteraren.vhd, 219, 346" value="1" type="GuiResourceData"/>
<property name="avbrottshanteraren.vhd, 22, 194" value="1" type="GuiResourceData"/>
<property name="avbrottshanteraren.vhd, 22, 388" value="1" type="GuiResourceData"/>
<property name="avbrottshanteraren.vhd, 22, 400" value="1" type="GuiResourceData"/>
<property name="avbrottshanteraren.vhd, 22, 427" value="1" type="GuiResourceData"/>
<property name="avbrottshanteraren.vhd, 220, 231" value="1" type="GuiResourceData"/>
<property name="avbrottshanteraren.vhd, 223, 273" value="1" type="GuiResourceData"/>
<property name="avbrottshanteraren.vhd, 223, 296" value="1" type="GuiResourceData"/>
<property name="avbrottshanteraren.vhd, 225, 346" value="1" type="GuiResourceData"/>
<property name="avbrottshanteraren.vhd, 226, 431" value="1" type="GuiResourceData"/>
<property name="avbrottshanteraren.vhd, 227, 519" value="1" type="GuiResourceData"/>
<property name="avbrottshanteraren.vhd, 228, 280" value="1" type="GuiResourceData"/>
<property name="avbrottshanteraren.vhd, 229, 300" value="1" type="GuiResourceData"/>
<property name="avbrottshanteraren.vhd, 229, 346" value="1" type="GuiResourceData"/>
<property name="avbrottshanteraren.vhd, 229, 350" value="1" type="GuiResourceData"/>
<property name="avbrottshanteraren.vhd, 229, 432" value="1" type="GuiResourceData"/>
<property name="avbrottshanteraren.vhd, 23, 304" value="1" type="GuiResourceData"/>
<property name="avbrottshanteraren.vhd, 23, 351" value="1" type="GuiResourceData"/>
<property name="avbrottshanteraren.vhd, 23, 373" value="1" type="GuiResourceData"/>
<property name="avbrottshanteraren.vhd, 23, 382" value="1" type="GuiResourceData"/>
<property name="avbrottshanteraren.vhd, 233, 385" value="1" type="GuiResourceData"/>
<property name="avbrottshanteraren.vhd, 233, 435" value="1" type="GuiResourceData"/>
<property name="avbrottshanteraren.vhd, 233, 439" value="1" type="GuiResourceData"/>
<property name="avbrottshanteraren.vhd, 235, 385" value="1" type="GuiResourceData"/>
<property name="avbrottshanteraren.vhd, 235, 454" value="1" type="GuiResourceData"/>
<property name="avbrottshanteraren.vhd, 238, 367" value="1" type="GuiResourceData"/>
<property name="avbrottshanteraren.vhd, 24, 352" value="1" type="GuiResourceData"/>
<property name="avbrottshanteraren.vhd, 24, 397" value="1" type="GuiResourceData"/>
<property name="avbrottshanteraren.vhd, 24, 419" value="1" type="GuiResourceData"/>
<property name="avbrottshanteraren.vhd, 240, 423" value="1" type="GuiResourceData"/>
<property name="avbrottshanteraren.vhd, 243, 303" value="1" type="GuiResourceData"/>
<property name="avbrottshanteraren.vhd, 244, 409" value="1" type="GuiResourceData"/>
<property name="avbrottshanteraren.vhd, 25, 307" value="1" type="GuiResourceData"/>
<property name="avbrottshanteraren.vhd, 25, 310" value="1" type="GuiResourceData"/>
<property name="avbrottshanteraren.vhd, 25, 330" value="1" type="GuiResourceData"/>
<property name="avbrottshanteraren.vhd, 250, 483" value="1" type="GuiResourceData"/>
<property name="avbrottshanteraren.vhd, 253, 532" value="1" type="GuiResourceData"/>
<property name="avbrottshanteraren.vhd, 254, 128" value="1" type="GuiResourceData"/>
<property name="avbrottshanteraren.vhd, 259, 305" value="1" type="GuiResourceData"/>
<property name="avbrottshanteraren.vhd, 259, 455" value="1" type="GuiResourceData"/>
<property name="avbrottshanteraren.vhd, 264, 257" value="1" type="GuiResourceData"/>
<property name="avbrottshanteraren.vhd, 27, 269" value="1" type="GuiResourceData"/>
<property name="avbrottshanteraren.vhd, 273, 144" value="1" type="GuiResourceData"/>
<property name="avbrottshanteraren.vhd, 274, 290" value="1" type="GuiResourceData"/>
<property name="avbrottshanteraren.vhd, 275, 452" value="1" type="GuiResourceData"/>
<property name="avbrottshanteraren.vhd, 276, 392, false, false, false, false, true" value="1" type="GuiResourceData"/>
<property name="avbrottshanteraren.vhd, 276, 397" value="1" type="GuiResourceData"/>
<property name="avbrottshanteraren.vhd, 277, 389" value="1" type="GuiResourceData"/>
<property name="avbrottshanteraren.vhd, 28, 313" value="1" type="GuiResourceData"/>
<property name="avbrottshanteraren.vhd, 28, 382" value="1" type="GuiResourceData"/>
<property name="avbrottshanteraren.vhd, 28, 398" value="1" type="GuiResourceData"/>
<property name="avbrottshanteraren.vhd, 28, 462" value="1" type="GuiResourceData"/>
<property name="avbrottshanteraren.vhd, 280, 350" value="1" type="GuiResourceData"/>
<property name="avbrottshanteraren.vhd, 281, 395" value="1" type="GuiResourceData"/>
<property name="avbrottshanteraren.vhd, 289, 515" value="1" type="GuiResourceData"/>
<property name="avbrottshanteraren.vhd, 29, 331" value="1" type="GuiResourceData"/>
<property name="avbrottshanteraren.vhd, 29, 342" value="1" type="GuiResourceData"/>
<property name="avbrottshanteraren.vhd, 29, 352" value="1" type="GuiResourceData"/>
<property name="avbrottshanteraren.vhd, 291, 185" value="1" type="GuiResourceData"/>
<property name="avbrottshanteraren.vhd, 291, 310" value="1" type="GuiResourceData"/>
<property name="avbrottshanteraren.vhd, 291, 448" value="1" type="GuiResourceData"/>
<property name="avbrottshanteraren.vhd, 294, 432" value="1" type="GuiResourceData"/>
<property name="avbrottshanteraren.vhd, 295, 278" value="1" type="GuiResourceData"/>
<property name="avbrottshanteraren.vhd, 295, 292" value="1" type="GuiResourceData"/>
<property name="avbrottshanteraren.vhd, 296, 438" value="1" type="GuiResourceData"/>
<property name="avbrottshanteraren.vhd, 297, 196" value="1" type="GuiResourceData"/>
<property name="avbrottshanteraren.vhd, 299, 212" value="1" type="GuiResourceData"/>
<property name="avbrottshanteraren.vhd, 299, 425" value="1" type="GuiResourceData"/>
<property name="avbrottshanteraren.vhd, 30, 302" value="1" type="GuiResourceData"/>
<property name="avbrottshanteraren.vhd, 30, 473" value="1" type="GuiResourceData"/>
<property name="avbrottshanteraren.vhd, 307, 448" value="1" type="GuiResourceData"/>
<property name="avbrottshanteraren.vhd, 308, 456" value="1" type="GuiResourceData"/>
<property name="avbrottshanteraren.vhd, 309, 143" value="1" type="GuiResourceData"/>
<property name="avbrottshanteraren.vhd, 31, 382" value="1" type="GuiResourceData"/>
<property name="avbrottshanteraren.vhd, 31, 398" value="1" type="GuiResourceData"/>
<property name="avbrottshanteraren.vhd, 32, 314" value="1" type="GuiResourceData"/>
<property name="avbrottshanteraren.vhd, 33, 366" value="1" type="GuiResourceData"/>
<property name="avbrottshanteraren.vhd, 34, 301" value="1" type="GuiResourceData"/>
<property name="avbrottshanteraren.vhd, 346, 261" value="1" type="GuiResourceData"/>
<property name="avbrottshanteraren.vhd, 35, 314" value="1" type="GuiResourceData"/>
<property name="avbrottshanteraren.vhd, 350, 261" value="1" type="GuiResourceData"/>
<property name="avbrottshanteraren.vhd, 358, 112" value="1" type="GuiResourceData"/>
<property name="avbrottshanteraren.vhd, 36, 302" value="1" type="GuiResourceData"/>
<property name="avbrottshanteraren.vhd, 36, 313" value="1" type="GuiResourceData"/>
<property name="avbrottshanteraren.vhd, 367, 139" value="1" type="GuiResourceData"/>
<property name="avbrottshanteraren.vhd, 37, 312" value="1" type="GuiResourceData"/>
<property name="avbrottshanteraren.vhd, 373, 307" value="1" type="GuiResourceData"/>
<property name="avbrottshanteraren.vhd, 38, 479" value="1" type="GuiResourceData"/>
<property name="avbrottshanteraren.vhd, 41, 358" value="1" type="GuiResourceData"/>
<property name="avbrottshanteraren.vhd, 41, 492" value="1" type="GuiResourceData"/>
<property name="avbrottshanteraren.vhd, 422, 433" value="1" type="GuiResourceData"/>
<property name="avbrottshanteraren.vhd, 44, 499" value="1" type="GuiResourceData"/>
<property name="avbrottshanteraren.vhd, 446, 150, false, true, false, false, false" value="1" type="GuiResourceData"/>
<property name="avbrottshanteraren.vhd, 45, 350" value="1" type="GuiResourceData"/>
<property name="avbrottshanteraren.vhd, 45, 497" value="1" type="GuiResourceData"/>
<property name="avbrottshanteraren.vhd, 46, 325" value="1" type="GuiResourceData"/>
<property name="avbrottshanteraren.vhd, 48, 399" value="1" type="GuiResourceData"/>
<property name="avbrottshanteraren.vhd, 49, 307" value="1" type="GuiResourceData"/>
<property name="avbrottshanteraren.vhd, 51, 283" value="1" type="GuiResourceData"/>
<property name="avbrottshanteraren.vhd, 51, 501" value="2" type="GuiResourceData"/>
<property name="avbrottshanteraren.vhd, 53, 313" value="1" type="GuiResourceData"/>
<property name="avbrottshanteraren.vhd, 53, 425" value="1" type="GuiResourceData"/>
<property name="avbrottshanteraren.vhd, 54, 453" value="1" type="GuiResourceData"/>
<property name="avbrottshanteraren.vhd, 55, 332" value="1" type="GuiResourceData"/>
<property name="avbrottshanteraren.vhd, 55, 406" value="1" type="GuiResourceData"/>
<property name="avbrottshanteraren.vhd, 556, 216" value="1" type="GuiResourceData"/>
<property name="avbrottshanteraren.vhd, 57, 501" value="1" type="GuiResourceData"/>
<property name="avbrottshanteraren.vhd, 60, 393" value="1" type="GuiResourceData"/>
<property name="avbrottshanteraren.vhd, 60, 466" value="1" type="GuiResourceData"/>
<property name="avbrottshanteraren.vhd, 61, 315" value="1" type="GuiResourceData"/>
<property name="avbrottshanteraren.vhd, 62, 420" value="1" type="GuiResourceData"/>
<property name="avbrottshanteraren.vhd, 65, 387" value="1" type="GuiResourceData"/>
<property name="avbrottshanteraren.vhd, 65, 399" value="1" type="GuiResourceData"/>
<property name="avbrottshanteraren.vhd, 68, 350" value="1" type="GuiResourceData"/>
<property name="avbrottshanteraren.vhd, 68, 453" value="1" type="GuiResourceData"/>
<property name="avbrottshanteraren.vhd, 68, 470" value="1" type="GuiResourceData"/>
<property name="avbrottshanteraren.vhd, 71, 298" value="1" type="GuiResourceData"/>
<property name="avbrottshanteraren.vhd, 71, 366" value="1" type="GuiResourceData"/>
<property name="avbrottshanteraren.vhd, 71, 431" value="1" type="GuiResourceData"/>
<property name="avbrottshanteraren.vhd, 73, 436" value="1" type="GuiResourceData"/>
<property name="avbrottshanteraren.vhd, 74, 302" value="1" type="GuiResourceData"/>
<property name="avbrottshanteraren.vhd, 74, 404" value="1" type="GuiResourceData"/>
<property name="avbrottshanteraren.vhd, 75, 317" value="1" type="GuiResourceData"/>
<property name="avbrottshanteraren.vhd, 76, 149" value="1" type="GuiResourceData"/>
<property name="avbrottshanteraren.vhd, 76, 254" value="1" type="GuiResourceData"/>
<property name="avbrottshanteraren.vhd, 78, 353" value="1" type="GuiResourceData"/>
<property name="avbrottshanteraren.vhd, 78, 414" value="1" type="GuiResourceData"/>
<property name="avbrottshanteraren.vhd, 78, 471" value="1" type="GuiResourceData"/>
<property name="avbrottshanteraren.vhd, 79, 393" value="1" type="GuiResourceData"/>
<property name="avbrottshanteraren.vhd, 79, 477" value="1" type="GuiResourceData"/>
<property name="avbrottshanteraren.vhd, 79, 480" value="1" type="GuiResourceData"/>
<property name="avbrottshanteraren.vhd, 80, 294" value="1" type="GuiResourceData"/>
<property name="avbrottshanteraren.vhd, 80, 375" value="1" type="GuiResourceData"/>
<property name="avbrottshanteraren.vhd, 81, 330" value="1" type="GuiResourceData"/>
<property name="avbrottshanteraren.vhd, 81, 350" value="1" type="GuiResourceData"/>
<property name="avbrottshanteraren.vhd, 82, 236" value="1" type="GuiResourceData"/>
<property name="avbrottshanteraren.vhd, 82, 401" value="1" type="GuiResourceData"/>
<property name="avbrottshanteraren.vhd, 82, 458" value="1" type="GuiResourceData"/>
<property name="avbrottshanteraren.vhd, 83, 303" value="1" type="GuiResourceData"/>
<property name="avbrottshanteraren.vhd, 83, 447" value="1" type="GuiResourceData"/>
<property name="avbrottshanteraren.vhd, 848, 373" value="1" type="GuiResourceData"/>
<property name="avbrottshanteraren.vhd, 85, 306" value="1" type="GuiResourceData"/>
<property name="avbrottshanteraren.vhd, 85, 343" value="1" type="GuiResourceData"/>
<property name="avbrottshanteraren.vhd, 87, 285" value="1" type="GuiResourceData"/>
<property name="avbrottshanteraren.vhd, 87, 366" value="1" type="GuiResourceData"/>
<property name="avbrottshanteraren.vhd, 87, 380" value="1" type="GuiResourceData"/>
<property name="avbrottshanteraren.vhd, 88, 298" value="1" type="GuiResourceData"/>
<property name="avbrottshanteraren.vhd, 88, 302" value="1" type="GuiResourceData"/>
<property name="avbrottshanteraren.vhd, 88, 315" value="1" type="GuiResourceData"/>
<property name="avbrottshanteraren.vhd, 88, 397" value="1" type="GuiResourceData"/>
<property name="avbrottshanteraren.vhd, 88, 439" value="1" type="GuiResourceData"/>
<property name="avbrottshanteraren.vhd, 88, 522" value="1" type="GuiResourceData"/>
<property name="avbrottshanteraren.vhd, 89, 447" value="1" type="GuiResourceData"/>
<property name="avbrottshanteraren.vhd, 89, 521" value="1" type="GuiResourceData"/>
<property name="avbrottshanteraren.vhd, 90, 381" value="2" type="GuiResourceData"/>
<property name="avbrottshanteraren.vhd, 90, 400" value="1" type="GuiResourceData"/>
<property name="avbrottshanteraren.vhd, 90, 414" value="1" type="GuiResourceData"/>
<property name="avbrottshanteraren.vhd, 90, 443" value="1" type="GuiResourceData"/>
<property name="avbrottshanteraren.vhd, 91, 484" value="1" type="GuiResourceData"/>
<property name="avbrottshanteraren.vhd, 93, 283" value="1" type="GuiResourceData"/>
<property name="avbrottshanteraren.vhd, 93, 284" value="1" type="GuiResourceData"/>
<property name="avbrottshanteraren.vhd, 93, 457" value="1" type="GuiResourceData"/>
<property name="avbrottshanteraren.vhd, 94, 351" value="1" type="GuiResourceData"/>
<property name="avbrottshanteraren.vhd, 94, 476" value="1" type="GuiResourceData"/>
<property name="avbrottshanteraren.vhd, 94, 491" value="1" type="GuiResourceData"/>
<property name="avbrottshanteraren.vhd, 95, 285" value="1" type="GuiResourceData"/>
<property name="avbrottshanteraren.vhd, 95, 465" value="1" type="GuiResourceData"/>
<property name="avbrottshanteraren.vhd, 96, 311" value="1" type="GuiResourceData"/>
<property name="avbrottshanteraren.vhd, 96, 463" value="1" type="GuiResourceData"/>
<property name="avbrottshanteraren.vhd, 97, 150" value="1" type="GuiResourceData"/>
<property name="avbrottshanteraren.vhd, 97, 328" value="1" type="GuiResourceData"/>
<property name="avbrottshanteraren.vhd, 97, 501" value="1" type="GuiResourceData"/>
<property name="avbrottshanteraren.vhd, 98, 299" value="1" type="GuiResourceData"/>
<property name="avbrottshanteraren.vhd, 98, 366" value="1" type="GuiResourceData"/>
<property name="avbrottshanteraren.vhd, 98, 485" value="1" type="GuiResourceData"/>
<property name="avbrottshanteraren.vhd, 98, 488" value="1" type="GuiResourceData"/>
<property name="avbrottshanteraren.vhd, 99, 129" value="1" type="GuiResourceData"/>
<property name="avbrottshanteraren.vhd, 99, 316" value="1" type="GuiResourceData"/>
<property name="avbrottshanteraren.vhd, 99, 379" value="1" type="GuiResourceData"/>
<property name="avbrottshanteraren.vhd, 99, 429" value="1" type="GuiResourceData"/>
<property name="work_reg_block.vhd, 193, 282" value="1" type="GuiResourceData"/>
<property name="work_reg_block.vhd, 206, 281" value="1" type="GuiResourceData"/>
<property name="work_reg_block.vhd, 25, 301" value="1" type="GuiResourceData"/>
<property name="work_reg_block.vhd, 31, 282" value="1" type="GuiResourceData"/>
<property name="work_reg_block.vhd, 32, 276" value="1" type="GuiResourceData"/>
<property name="work_reg_block.vhd, 53, 384" value="1" type="GuiResourceData"/>
</item>
<item name="Other">
<property name="GuiMode" value="1" type="GuiMode"/>
<property name="BatchMode" value="0" type="BatchMode"/>
<property name="TclMode" value="0" type="TclMode"/>
</item>
</section>
</application>
</document>
