<?xml version="1.0" encoding="UTF-8"?>
<GenRun Id="synth_1" LaunchPart="xc7a100tcsg324-1" LaunchTime="1700569602">
  <File Type="PA-TCL" Name="LAB_CPU_top.tcl"/>
  <File Type="RDS-PROPCONSTRS" Name="LAB_CPU_top_drc_synth.rpt"/>
  <File Type="RDS-RDS" Name="LAB_CPU_top.vds"/>
  <File Type="RDS-UTIL" Name="LAB_CPU_top_utilization_synth.rpt"/>
  <File Type="RDS-UTIL-PB" Name="LAB_CPU_top_utilization_synth.pb"/>
  <File Type="RDS-DCP" Name="LAB_CPU_top.dcp"/>
  <File Type="VDS-TIMINGSUMMARY" Name="LAB_CPU_top_timing_summary_synth.rpt"/>
  <File Type="VDS-TIMING-PB" Name="LAB_CPU_top_timing_summary_synth.pb"/>
  <FileSet Name="sources" Type="DesignSrcs" RelSrcDir="$PSRCDIR/sources_1">
    <Filter Type="Srcs"/>
    <File Path="$PSRCDIR/sources_1/new/sub10.vhd">
      <FileInfo>
        <Attr Name="ImportPath" Val="$PPRDIR/../../ORIGINAL_CPU/ORIGINAL_CPU.srcs/sources_1/new/sub10.vhd"/>
        <Attr Name="ImportTime" Val="1479141685"/>
        <Attr Name="UsedIn" Val="synthesis"/>
        <Attr Name="UsedIn" Val="simulation"/>
      </FileInfo>
    </File>
    <File Path="$PSRCDIR/sources_1/new/CPU_pkg.vhd">
      <FileInfo>
        <Attr Name="ImportPath" Val="$PPRDIR/../../ORIGINAL_CPU/ORIGINAL_CPU.srcs/sources_1/new/CPU_pkg.vhd"/>
        <Attr Name="ImportTime" Val="1510508837"/>
        <Attr Name="UsedIn" Val="synthesis"/>
        <Attr Name="UsedIn" Val="simulation"/>
      </FileInfo>
    </File>
    <File Path="$PSRCDIR/sources_1/new/work_reg.vhd">
      <FileInfo>
        <Attr Name="ImportPath" Val="$PPRDIR/../../ORIGINAL_CPU/ORIGINAL_CPU.srcs/sources_1/new/work_reg.vhd"/>
        <Attr Name="ImportTime" Val="1508523704"/>
        <Attr Name="UsedIn" Val="synthesis"/>
        <Attr Name="UsedIn" Val="simulation"/>
      </FileInfo>
    </File>
    <File Path="$PSRCDIR/sources_1/new/MUX2x8.vhd">
      <FileInfo>
        <Attr Name="ImportPath" Val="$PPRDIR/../../ORIGINAL_CPU/ORIGINAL_CPU.srcs/sources_1/new/MUX2x8.vhd"/>
        <Attr Name="ImportTime" Val="1508523741"/>
        <Attr Name="UsedIn" Val="synthesis"/>
        <Attr Name="UsedIn" Val="simulation"/>
      </FileInfo>
    </File>
    <File Path="$PSRCDIR/sources_1/new/work_reg_block.vhd">
      <FileInfo>
        <Attr Name="UsedIn" Val="synthesis"/>
        <Attr Name="UsedIn" Val="simulation"/>
      </FileInfo>
    </File>
    <File Path="$PSRCDIR/sources_1/new/stack.vhd">
      <FileInfo>
        <Attr Name="ImportPath" Val="$PPRDIR/../../ORIGINAL_CPU/ORIGINAL_CPU.srcs/sources_1/new/stack.vhd"/>
        <Attr Name="ImportTime" Val="1542492263"/>
        <Attr Name="UsedIn" Val="synthesis"/>
        <Attr Name="UsedIn" Val="simulation"/>
      </FileInfo>
    </File>
    <File Path="$PSRCDIR/sources_1/new/program_counter.vhd">
      <FileInfo>
        <Attr Name="ImportPath" Val="$PPRDIR/../../ORIGINAL_CPU/ORIGINAL_CPU.srcs/sources_1/new/program_counter.vhd"/>
        <Attr Name="ImportTime" Val="1508523703"/>
        <Attr Name="UsedIn" Val="synthesis"/>
        <Attr Name="UsedIn" Val="simulation"/>
      </FileInfo>
    </File>
    <File Path="$PSRCDIR/sources_1/new/nbcd.vhd">
      <FileInfo>
        <Attr Name="ImportPath" Val="$PPRDIR/../../ORIGINAL_CPU/ORIGINAL_CPU.srcs/sources_1/new/nbcd.vhd"/>
        <Attr Name="ImportTime" Val="1479141690"/>
        <Attr Name="UsedIn" Val="synthesis"/>
        <Attr Name="UsedIn" Val="simulation"/>
      </FileInfo>
    </File>
    <File Path="$PSRCDIR/sources_1/new/MUX3x6.vhd">
      <FileInfo>
        <Attr Name="ImportPath" Val="$PPRDIR/../../ORIGINAL_CPU/ORIGINAL_CPU.srcs/sources_1/new/MUX3x6.vhd"/>
        <Attr Name="ImportTime" Val="1510515399"/>
        <Attr Name="UsedIn" Val="synthesis"/>
        <Attr Name="UsedIn" Val="simulation"/>
      </FileInfo>
    </File>
    <File Path="$PSRCDIR/sources_1/new/edge_det.vhd">
      <FileInfo>
        <Attr Name="ImportPath" Val="$PPRDIR/../../ORIGINAL_CPU/ORIGINAL_CPU.srcs/sources_1/new/edge_det.vhd"/>
        <Attr Name="ImportTime" Val="1479141693"/>
        <Attr Name="UsedIn" Val="synthesis"/>
        <Attr Name="UsedIn" Val="simulation"/>
      </FileInfo>
    </File>
    <File Path="$PSRCDIR/sources_1/new/destination.vhd">
      <FileInfo>
        <Attr Name="ImportPath" Val="$PPRDIR/../../ORIGINAL_CPU/ORIGINAL_CPU.srcs/sources_1/new/destination.vhd"/>
        <Attr Name="ImportTime" Val="1508523703"/>
        <Attr Name="UsedIn" Val="synthesis"/>
        <Attr Name="UsedIn" Val="simulation"/>
      </FileInfo>
    </File>
    <File Path="$PSRCDIR/sources_1/new/decoder.vhd">
      <FileInfo>
        <Attr Name="ImportPath" Val="$PPRDIR/../../ORIGINAL_CPU/ORIGINAL_CPU.srcs/sources_1/new/decoder.vhd"/>
        <Attr Name="ImportTime" Val="1510600899"/>
        <Attr Name="UsedIn" Val="synthesis"/>
        <Attr Name="UsedIn" Val="simulation"/>
      </FileInfo>
    </File>
    <File Path="$PSRCDIR/sources_1/new/debouncer.vhd">
      <FileInfo>
        <Attr Name="ImportPath" Val="$PPRDIR/../../ORIGINAL_CPU/ORIGINAL_CPU.srcs/sources_1/new/debouncer.vhd"/>
        <Attr Name="ImportTime" Val="1511552524"/>
        <Attr Name="UsedIn" Val="synthesis"/>
        <Attr Name="UsedIn" Val="simulation"/>
      </FileInfo>
    </File>
    <File Path="$PSRCDIR/sources_1/new/clk_divider.vhd">
      <FileInfo>
        <Attr Name="ImportPath" Val="$PPRDIR/../../ORIGINAL_CPU/ORIGINAL_CPU.srcs/sources_1/new/clk_divider.vhd"/>
        <Attr Name="ImportTime" Val="1479141699"/>
        <Attr Name="UsedIn" Val="synthesis"/>
        <Attr Name="UsedIn" Val="simulation"/>
      </FileInfo>
    </File>
    <File Path="$PSRCDIR/sources_1/new/BCD_driver.vhd">
      <FileInfo>
        <Attr Name="ImportPath" Val="$PPRDIR/../../ORIGINAL_CPU/ORIGINAL_CPU.srcs/sources_1/new/BCD_driver.vhd"/>
        <Attr Name="ImportTime" Val="1479141710"/>
        <Attr Name="UsedIn" Val="synthesis"/>
        <Attr Name="UsedIn" Val="simulation"/>
      </FileInfo>
    </File>
    <File Path="$PSRCDIR/sources_1/new/ALU.vhd">
      <FileInfo>
        <Attr Name="ImportPath" Val="$PPRDIR/../../ORIGINAL_CPU/ORIGINAL_CPU.srcs/sources_1/new/ALU.vhd"/>
        <Attr Name="ImportTime" Val="1508523704"/>
        <Attr Name="UsedIn" Val="synthesis"/>
        <Attr Name="UsedIn" Val="simulation"/>
      </FileInfo>
    </File>
    <File Path="$PSRCDIR/sources_1/new/TX_UART.vhd">
      <FileInfo>
        <Attr Name="ImportPath" Val="$PPRDIR/../../ORIGINAL_CPU/ORIGINAL_CPU.srcs/sources_1/new/TX_UART.vhd"/>
        <Attr Name="ImportTime" Val="1509190312"/>
        <Attr Name="UsedIn" Val="synthesis"/>
        <Attr Name="UsedIn" Val="simulation"/>
      </FileInfo>
    </File>
    <File Path="$PSRCDIR/sources_1/new/RX_UART.vhd">
      <FileInfo>
        <Attr Name="ImportPath" Val="$PPRDIR/../../ORIGINAL_CPU/ORIGINAL_CPU.srcs/sources_1/new/RX_UART.vhd"/>
        <Attr Name="ImportTime" Val="1509397168"/>
        <Attr Name="UsedIn" Val="synthesis"/>
        <Attr Name="UsedIn" Val="simulation"/>
      </FileInfo>
    </File>
    <File Path="$PSRCDIR/sources_1/new/neg_edge_det.vhd">
      <FileInfo>
        <Attr Name="ImportPath" Val="$PPRDIR/../../ORIGINAL_CPU/ORIGINAL_CPU.srcs/sources_1/new/neg_edge_det.vhd"/>
        <Attr Name="ImportTime" Val="1509306458"/>
        <Attr Name="UsedIn" Val="synthesis"/>
        <Attr Name="UsedIn" Val="simulation"/>
      </FileInfo>
    </File>
    <File Path="$PSRCDIR/sources_1/new/myEdge.vhd">
      <FileInfo>
        <Attr Name="ImportPath" Val="$PPRDIR/../../ORIGINAL_CPU/ORIGINAL_CPU.srcs/sources_1/new/myEdge.vhd"/>
        <Attr Name="ImportTime" Val="1509194047"/>
        <Attr Name="UsedIn" Val="synthesis"/>
        <Attr Name="UsedIn" Val="simulation"/>
      </FileInfo>
    </File>
    <File Path="$PSRCDIR/sources_1/new/reset_block.vhd">
      <FileInfo>
        <Attr Name="ImportPath" Val="$PPRDIR/../../ORIGINAL_CPU/ORIGINAL_CPU.srcs/sources_1/new/reset_block.vhd"/>
        <Attr Name="ImportTime" Val="1479141688"/>
        <Attr Name="UsedIn" Val="synthesis"/>
        <Attr Name="UsedIn" Val="simulation"/>
      </FileInfo>
    </File>
    <File Path="$PSRCDIR/sources_1/new/mem.vhd">
      <FileInfo>
        <Attr Name="ImportPath" Val="$PPRDIR/../../ORIGINAL_CPU/ORIGINAL_CPU.srcs/sources_1/new/mem.vhd"/>
        <Attr Name="ImportTime" Val="1508172871"/>
        <Attr Name="UsedIn" Val="synthesis"/>
        <Attr Name="UsedIn" Val="simulation"/>
      </FileInfo>
    </File>
    <File Path="$PSRCDIR/sources_1/new/debug_block.vhd">
      <FileInfo>
        <Attr Name="ImportPath" Val="$PPRDIR/../../ORIGINAL_CPU/ORIGINAL_CPU.srcs/sources_1/new/debug_block.vhd"/>
        <Attr Name="ImportTime" Val="1508171994"/>
        <Attr Name="UsedIn" Val="synthesis"/>
        <Attr Name="UsedIn" Val="simulation"/>
      </FileInfo>
    </File>
    <File Path="$PSRCDIR/sources_1/new/CPU.vhd">
      <FileInfo>
        <Attr Name="ImportPath" Val="$PPRDIR/../../ORIGINAL_CPU/ORIGINAL_CPU.srcs/sources_1/new/CPU.vhd"/>
        <Attr Name="ImportTime" Val="1542588745"/>
        <Attr Name="UsedIn" Val="synthesis"/>
        <Attr Name="UsedIn" Val="simulation"/>
      </FileInfo>
    </File>
    <File Path="$PSRCDIR/sources_1/new/clock_block.vhd">
      <FileInfo>
        <Attr Name="ImportPath" Val="$PPRDIR/../../ORIGINAL_CPU/ORIGINAL_CPU.srcs/sources_1/new/clock_block.vhd"/>
        <Attr Name="ImportTime" Val="1508171508"/>
        <Attr Name="UsedIn" Val="synthesis"/>
        <Attr Name="UsedIn" Val="simulation"/>
      </FileInfo>
    </File>
    <File Path="$PSRCDIR/sources_1/new/IO_block.vhd">
      <FileInfo>
        <Attr Name="ImportPath" Val="$PPRDIR/../../ORIGINAL_CPU/ORIGINAL_CPU.srcs/sources_1/new/IO_block.vhd"/>
        <Attr Name="ImportTime" Val="1509397107"/>
        <Attr Name="UsedIn" Val="synthesis"/>
        <Attr Name="UsedIn" Val="simulation"/>
      </FileInfo>
    </File>
    <File Path="$PSRCDIR/sources_1/new/int_source0.vhd">
      <FileInfo>
        <Attr Name="UsedIn" Val="synthesis"/>
        <Attr Name="UsedIn" Val="simulation"/>
      </FileInfo>
    </File>
    <File Path="$PSRCDIR/sources_1/new/LAB_CPU_top.vhd">
      <FileInfo>
        <Attr Name="ImportPath" Val="$PPRDIR/../../ORIGINAL_CPU/ORIGINAL_CPU.srcs/sources_1/new/LAB_CPU_top.vhd"/>
        <Attr Name="ImportTime" Val="1509393326"/>
        <Attr Name="UsedIn" Val="synthesis"/>
        <Attr Name="UsedIn" Val="simulation"/>
      </FileInfo>
    </File>
    <File Path="$PPRDIR/../Dataark-main/avbrottshanterare.vhd">
      <FileInfo>
        <Attr Name="AutoDisabled" Val="1"/>
        <Attr Name="UsedIn" Val="synthesis"/>
        <Attr Name="UsedIn" Val="simulation"/>
      </FileInfo>
    </File>
    <Config>
      <Option Name="DesignMode" Val="RTL"/>
      <Option Name="TopModule" Val="LAB_CPU_top"/>
    </Config>
  </FileSet>
  <FileSet Name="constrs_in" Type="Constrs" RelSrcDir="$PSRCDIR/constrs_1">
    <Filter Type="Constrs"/>
    <File Path="$PSRCDIR/constrs_1/new/Nexys4_Master.xdc">
      <FileInfo>
        <Attr Name="ImportPath" Val="$PPRDIR/../../ORIGINAL_CPU/ORIGINAL_CPU.srcs/constrs_1/new/Nexys4_Master.xdc"/>
        <Attr Name="ImportTime" Val="1509396438"/>
        <Attr Name="UsedIn" Val="synthesis"/>
        <Attr Name="UsedIn" Val="implementation"/>
      </FileInfo>
    </File>
    <Config>
      <Option Name="ConstrsType" Val="XDC"/>
    </Config>
  </FileSet>
  <Strategy Version="1" Minor="2">
    <StratHandle Name="Vivado Synthesis Defaults" Flow="Vivado Synthesis 2016"/>
    <Step Id="synth_design"/>
  </Strategy>
</GenRun>
